
> onservice-onsite-app@0.1.0 typecheck
> tsc --noEmit

apps/admin/src/App.tsx(3,30): error TS2307: Cannot find module '@/stores/auth.store' or its corresponding type declarations.
apps/admin/src/App.tsx(4,25): error TS2307: Cannot find module '@/components/AdminLayout' or its corresponding type declarations.
apps/admin/src/App.tsx(5,23): error TS2307: Cannot find module '@/pages/LoginPage' or its corresponding type declarations.
apps/admin/src/App.tsx(7,41): error TS2307: Cannot find module '@/pages/DashboardPage' or its corresponding type declarations.
apps/admin/src/App.tsx(8,41): error TS2307: Cannot find module '@/pages/ProvidersPage' or its corresponding type declarations.
apps/admin/src/App.tsx(9,41): error TS2307: Cannot find module '@/pages/CustomersPage' or its corresponding type declarations.
apps/admin/src/App.tsx(10,40): error TS2307: Cannot find module '@/pages/BookingsPage' or its corresponding type declarations.
apps/admin/src/App.tsx(11,39): error TS2307: Cannot find module '@/pages/CatalogPage' or its corresponding type declarations.
apps/admin/src/App.tsx(12,40): error TS2307: Cannot find module '@/pages/DisputesPage' or its corresponding type declarations.
apps/admin/src/App.tsx(13,42): error TS2307: Cannot find module '@/pages/FinancialsPage' or its corresponding type declarations.
apps/admin/src/App.tsx(14,39): error TS2307: Cannot find module '@/pages/PayoutsPage' or its corresponding type declarations.
apps/admin/src/App.tsx(15,53): error TS2307: Cannot find module '@/pages/NotificationTemplatesPage' or its corresponding type declarations.
apps/admin/src/App.tsx(16,41): error TS2307: Cannot find module '@/pages/RecurringPage' or its corresponding type declarations.
apps/admin/src/App.tsx(17,48): error TS2307: Cannot find module '@/pages/BusinessAccountsPage' or its corresponding type declarations.
apps/admin/src/App.tsx(18,44): error TS2307: Cannot find module '@/pages/ServiceAreasPage' or its corresponding type declarations.
apps/admin/src/App.tsx(19,41): error TS2307: Cannot find module '@/pages/AnalyticsPage' or its corresponding type declarations.
apps/admin/src/App.tsx(20,40): error TS2307: Cannot find module '@/pages/AuditLogPage' or its corresponding type declarations.
apps/admin/src/App.tsx(21,46): error TS2307: Cannot find module '@/pages/SystemSettingsPage' or its corresponding type declarations.
apps/admin/src/App.tsx(22,46): error TS2307: Cannot find module '@/pages/SupportTicketsPage' or its corresponding type declarations.
apps/admin/src/App.tsx(23,42): error TS2307: Cannot find module '@/pages/StaffRolesPage' or its corresponding type declarations.
apps/admin/src/App.tsx(24,44): error TS2307: Cannot find module '@/pages/PricingRulesPage' or its corresponding type declarations.
apps/admin/src/App.tsx(27,33): error TS7006: Parameter 's' implicitly has an 'any' type.
apps/admin/src/App.tsx(34,5): error TS17004: Cannot use JSX unless the '--jsx' flag is provided.
apps/admin/src/App.tsx(35,7): error TS17004: Cannot use JSX unless the '--jsx' flag is provided.
apps/admin/src/App.tsx(35,37): error TS17004: Cannot use JSX unless the '--jsx' flag is provided.
apps/admin/src/App.tsx(36,7): error TS17004: Cannot use JSX unless the '--jsx' flag is provided.
apps/admin/src/App.tsx(36,23): error TS17004: Cannot use JSX unless the '--jsx' flag is provided.
apps/admin/src/App.tsx(37,9): error TS17004: Cannot use JSX unless the '--jsx' flag is provided.
apps/admin/src/App.tsx(37,34): error TS17004: Cannot use JSX unless the '--jsx' flag is provided.
apps/admin/src/App.tsx(38,9): error TS17004: Cannot use JSX unless the '--jsx' flag is provided.
apps/admin/src/App.tsx(38,43): error TS17004: Cannot use JSX unless the '--jsx' flag is provided.
apps/admin/src/App.tsx(39,9): error TS17004: Cannot use JSX unless the '--jsx' flag is provided.
apps/admin/src/App.tsx(39,43): error TS17004: Cannot use JSX unless the '--jsx' flag is provided.
apps/admin/src/App.tsx(40,9): error TS17004: Cannot use JSX unless the '--jsx' flag is provided.
apps/admin/src/App.tsx(40,42): error TS17004: Cannot use JSX unless the '--jsx' flag is provided.
apps/admin/src/App.tsx(41,9): error TS17004: Cannot use JSX unless the '--jsx' flag is provided.
apps/admin/src/App.tsx(41,41): error TS17004: Cannot use JSX unless the '--jsx' flag is provided.
apps/admin/src/App.tsx(42,9): error TS17004: Cannot use JSX unless the '--jsx' flag is provided.
apps/admin/src/App.tsx(42,42): error TS17004: Cannot use JSX unless the '--jsx' flag is provided.
apps/admin/src/App.tsx(43,9): error TS17004: Cannot use JSX unless the '--jsx' flag is provided.
apps/admin/src/App.tsx(43,44): error TS17004: Cannot use JSX unless the '--jsx' flag is provided.
apps/admin/src/App.tsx(44,9): error TS17004: Cannot use JSX unless the '--jsx' flag is provided.
apps/admin/src/App.tsx(44,41): error TS17004: Cannot use JSX unless the '--jsx' flag is provided.
apps/admin/src/App.tsx(45,9): error TS17004: Cannot use JSX unless the '--jsx' flag is provided.
apps/admin/src/App.tsx(45,56): error TS17004: Cannot use JSX unless the '--jsx' flag is provided.
apps/admin/src/App.tsx(46,9): error TS17004: Cannot use JSX unless the '--jsx' flag is provided.
apps/admin/src/App.tsx(46,43): error TS17004: Cannot use JSX unless the '--jsx' flag is provided.
apps/admin/src/App.tsx(47,9): error TS17004: Cannot use JSX unless the '--jsx' flag is provided.
apps/admin/src/App.tsx(47,51): error TS17004: Cannot use JSX unless the '--jsx' flag is provided.
apps/admin/src/App.tsx(48,9): error TS17004: Cannot use JSX unless the '--jsx' flag is provided.
apps/admin/src/App.tsx(48,47): error TS17004: Cannot use JSX unless the '--jsx' flag is provided.
apps/admin/src/App.tsx(49,9): error TS17004: Cannot use JSX unless the '--jsx' flag is provided.
apps/admin/src/App.tsx(49,43): error TS17004: Cannot use JSX unless the '--jsx' flag is provided.
apps/admin/src/App.tsx(50,9): error TS17004: Cannot use JSX unless the '--jsx' flag is provided.
apps/admin/src/App.tsx(50,43): error TS17004: Cannot use JSX unless the '--jsx' flag is provided.
apps/admin/src/App.tsx(51,9): error TS17004: Cannot use JSX unless the '--jsx' flag is provided.
apps/admin/src/App.tsx(51,49): error TS17004: Cannot use JSX unless the '--jsx' flag is provided.
apps/admin/src/App.tsx(52,9): error TS17004: Cannot use JSX unless the '--jsx' flag is provided.
apps/admin/src/App.tsx(52,39): error TS17004: Cannot use JSX unless the '--jsx' flag is provided.
apps/admin/src/App.tsx(53,9): error TS17004: Cannot use JSX unless the '--jsx' flag is provided.
apps/admin/src/App.tsx(53,42): error TS17004: Cannot use JSX unless the '--jsx' flag is provided.
apps/admin/src/App.tsx(54,9): error TS17004: Cannot use JSX unless the '--jsx' flag is provided.
apps/admin/src/App.tsx(54,47): error TS17004: Cannot use JSX unless the '--jsx' flag is provided.
apps/admin/src/components/AdminLayout.tsx(3,30): error TS2307: Cannot find module '@/stores/auth.store' or its corresponding type declarations.
apps/admin/src/components/AdminLayout.tsx(4,21): error TS6142: Module './Sidebar' was resolved to 'C:/Users/kmoul/OneDrive/Documents/GitHub/onservice-onsite-app/apps/admin/src/components/Sidebar.tsx', but '--jsx' is not set.
apps/admin/src/components/AdminLayout.tsx(5,20): error TS6142: Module './Header' was resolved to 'C:/Users/kmoul/OneDrive/Documents/GitHub/onservice-onsite-app/apps/admin/src/components/Header.tsx', but '--jsx' is not set.
apps/admin/src/components/AdminLayout.tsx(9,5): error TS17004: Cannot use JSX unless the '--jsx' flag is provided.
apps/admin/src/components/AdminLayout.tsx(10,7): error TS17004: Cannot use JSX unless the '--jsx' flag is provided.
apps/admin/src/components/AdminLayout.tsx(20,7): error TS17004: Cannot use JSX unless the '--jsx' flag is provided.
apps/admin/src/components/AdminLayout.tsx(21,9): error TS17004: Cannot use JSX unless the '--jsx' flag is provided.
apps/admin/src/components/AdminLayout.tsx(27,12): error TS17004: Cannot use JSX unless the '--jsx' flag is provided.
apps/admin/src/components/AdminLayout.tsx(31,5): error TS17004: Cannot use JSX unless the '--jsx' flag is provided.
apps/admin/src/components/AdminLayout.tsx(32,7): error TS17004: Cannot use JSX unless the '--jsx' flag is provided.
apps/admin/src/components/AdminLayout.tsx(33,7): error TS17004: Cannot use JSX unless the '--jsx' flag is provided.
apps/admin/src/components/AdminLayout.tsx(34,9): error TS17004: Cannot use JSX unless the '--jsx' flag is provided.
apps/admin/src/components/AdminLayout.tsx(35,9): error TS17004: Cannot use JSX unless the '--jsx' flag is provided.
apps/admin/src/components/AdminLayout.tsx(36,11): error TS17004: Cannot use JSX unless the '--jsx' flag is provided.
apps/admin/src/components/AdminLayout.tsx(36,31): error TS17004: Cannot use JSX unless the '--jsx' flag is provided.
apps/admin/src/components/AdminLayout.tsx(37,13): error TS17004: Cannot use JSX unless the '--jsx' flag is provided.
apps/admin/src/components/Header.tsx(2,30): error TS2307: Cannot find module '@/stores/auth.store' or its corresponding type declarations.
apps/admin/src/components/Header.tsx(6,30): error TS7006: Parameter 's' implicitly has an 'any' type.
apps/admin/src/components/Header.tsx(7,32): error TS7006: Parameter 's' implicitly has an 'any' type.
apps/admin/src/components/Header.tsx(16,5): error TS17004: Cannot use JSX unless the '--jsx' flag is provided.
apps/admin/src/components/Header.tsx(17,7): error TS17004: Cannot use JSX unless the '--jsx' flag is provided.
apps/admin/src/components/Header.tsx(18,7): error TS17004: Cannot use JSX unless the '--jsx' flag is provided.
apps/admin/src/components/Header.tsx(19,9): error TS17004: Cannot use JSX unless the '--jsx' flag is provided.
apps/admin/src/components/Header.tsx(20,11): error TS17004: Cannot use JSX unless the '--jsx' flag is provided.
apps/admin/src/components/Header.tsx(23,11): error TS17004: Cannot use JSX unless the '--jsx' flag is provided.
apps/admin/src/components/Header.tsx(27,9): error TS17004: Cannot use JSX unless the '--jsx' flag is provided.
apps/admin/src/components/Sidebar.tsx(27,5): error TS17004: Cannot use JSX unless the '--jsx' flag is provided.
apps/admin/src/components/Sidebar.tsx(28,7): error TS17004: Cannot use JSX unless the '--jsx' flag is provided.
apps/admin/src/components/Sidebar.tsx(29,9): error TS17004: Cannot use JSX unless the '--jsx' flag is provided.
apps/admin/src/components/Sidebar.tsx(30,11): error TS17004: Cannot use JSX unless the '--jsx' flag is provided.
apps/admin/src/components/Sidebar.tsx(32,9): error TS17004: Cannot use JSX unless the '--jsx' flag is provided.
apps/admin/src/components/Sidebar.tsx(34,7): error TS17004: Cannot use JSX unless the '--jsx' flag is provided.
apps/admin/src/components/Sidebar.tsx(36,11): error TS17004: Cannot use JSX unless the '--jsx' flag is provided.
apps/admin/src/components/Sidebar.tsx(48,13): error TS17004: Cannot use JSX unless the '--jsx' flag is provided.
apps/admin/src/components/Sidebar.tsx(53,7): error TS17004: Cannot use JSX unless the '--jsx' flag is provided.
apps/admin/src/components/Sidebar.tsx(54,9): error TS17004: Cannot use JSX unless the '--jsx' flag is provided.
apps/admin/src/components/ui/Badge.tsx(19,5): error TS17004: Cannot use JSX unless the '--jsx' flag is provided.
apps/admin/src/components/ui/DataTable.tsx(29,7): error TS17004: Cannot use JSX unless the '--jsx' flag is provided.
apps/admin/src/components/ui/DataTable.tsx(30,9): error TS17004: Cannot use JSX unless the '--jsx' flag is provided.
apps/admin/src/components/ui/DataTable.tsx(31,9): error TS17004: Cannot use JSX unless the '--jsx' flag is provided.
apps/admin/src/components/ui/DataTable.tsx(37,5): error TS17004: Cannot use JSX unless the '--jsx' flag is provided.
apps/admin/src/components/ui/DataTable.tsx(38,7): error TS17004: Cannot use JSX unless the '--jsx' flag is provided.
apps/admin/src/components/ui/DataTable.tsx(39,9): error TS17004: Cannot use JSX unless the '--jsx' flag is provided.
apps/admin/src/components/ui/DataTable.tsx(40,11): error TS17004: Cannot use JSX unless the '--jsx' flag is provided.
apps/admin/src/components/ui/DataTable.tsx(41,13): error TS17004: Cannot use JSX unless the '--jsx' flag is provided.
apps/admin/src/components/ui/DataTable.tsx(43,17): error TS17004: Cannot use JSX unless the '--jsx' flag is provided.
apps/admin/src/components/ui/DataTable.tsx(52,11): error TS17004: Cannot use JSX unless the '--jsx' flag is provided.
apps/admin/src/components/ui/DataTable.tsx(54,15): error TS17004: Cannot use JSX unless the '--jsx' flag is provided.
apps/admin/src/components/ui/DataTable.tsx(55,17): error TS17004: Cannot use JSX unless the '--jsx' flag is provided.
apps/admin/src/components/ui/DataTable.tsx(61,17): error TS17004: Cannot use JSX unless the '--jsx' flag is provided.
apps/admin/src/components/ui/DataTable.tsx(69,21): error TS17004: Cannot use JSX unless the '--jsx' flag is provided.
apps/admin/src/components/ui/index.ts(1,34): error TS6142: Module './Badge' was resolved to 'C:/Users/kmoul/OneDrive/Documents/GitHub/onservice-onsite-app/apps/admin/src/components/ui/Badge.tsx', but '--jsx' is not set.
apps/admin/src/components/ui/index.ts(2,36): error TS6142: Module './KpiCard' was resolved to 'C:/Users/kmoul/OneDrive/Documents/GitHub/onservice-onsite-app/apps/admin/src/components/ui/KpiCard.tsx', but '--jsx' is not set.
apps/admin/src/components/ui/index.ts(3,38): error TS6142: Module './DataTable' was resolved to 'C:/Users/kmoul/OneDrive/Documents/GitHub/onservice-onsite-app/apps/admin/src/components/ui/DataTable.tsx', but '--jsx' is not set.
apps/admin/src/components/ui/index.ts(4,29): error TS6142: Module './DataTable' was resolved to 'C:/Users/kmoul/OneDrive/Documents/GitHub/onservice-onsite-app/apps/admin/src/components/ui/DataTable.tsx', but '--jsx' is not set.
apps/admin/src/components/ui/index.ts(5,39): error TS6142: Module './Pagination' was resolved to 'C:/Users/kmoul/OneDrive/Documents/GitHub/onservice-onsite-app/apps/admin/src/components/ui/Pagination.tsx', but '--jsx' is not set.
apps/admin/src/components/ui/KpiCard.tsx(18,5): error TS17004: Cannot use JSX unless the '--jsx' flag is provided.
apps/admin/src/components/ui/KpiCard.tsx(19,7): error TS17004: Cannot use JSX unless the '--jsx' flag is provided.
apps/admin/src/components/ui/KpiCard.tsx(20,9): error TS17004: Cannot use JSX unless the '--jsx' flag is provided.
apps/admin/src/components/ui/KpiCard.tsx(22,11): error TS17004: Cannot use JSX unless the '--jsx' flag is provided.
apps/admin/src/components/ui/KpiCard.tsx(25,7): error TS17004: Cannot use JSX unless the '--jsx' flag is provided.
apps/admin/src/components/ui/KpiCard.tsx(26,7): error TS17004: Cannot use JSX unless the '--jsx' flag is provided.
apps/admin/src/components/ui/Pagination.tsx(16,5): error TS17004: Cannot use JSX unless the '--jsx' flag is provided.
apps/admin/src/components/ui/Pagination.tsx(17,7): error TS17004: Cannot use JSX unless the '--jsx' flag is provided.
apps/admin/src/components/ui/Pagination.tsx(18,17): error TS17004: Cannot use JSX unless the '--jsx' flag is provided.
apps/admin/src/components/ui/Pagination.tsx(18,64): error TS17004: Cannot use JSX unless the '--jsx' flag is provided.
apps/admin/src/components/ui/Pagination.tsx(19,9): error TS17004: Cannot use JSX unless the '--jsx' flag is provided.
apps/admin/src/components/ui/Pagination.tsx(21,7): error TS17004: Cannot use JSX unless the '--jsx' flag is provided.
apps/admin/src/components/ui/Pagination.tsx(22,9): error TS17004: Cannot use JSX unless the '--jsx' flag is provided.
apps/admin/src/components/ui/Pagination.tsx(41,13): error TS17004: Cannot use JSX unless the '--jsx' flag is provided.
apps/admin/src/components/ui/Pagination.tsx(54,9): error TS17004: Cannot use JSX unless the '--jsx' flag is provided.
apps/admin/src/main.tsx(5,17): error TS6142: Module './App' was resolved to 'C:/Users/kmoul/OneDrive/Documents/GitHub/onservice-onsite-app/apps/admin/src/App.tsx', but '--jsx' is not set.
apps/admin/src/main.tsx(19,3): error TS17004: Cannot use JSX unless the '--jsx' flag is provided.
apps/admin/src/main.tsx(20,5): error TS17004: Cannot use JSX unless the '--jsx' flag is provided.
apps/admin/src/main.tsx(21,7): error TS17004: Cannot use JSX unless the '--jsx' flag is provided.
apps/admin/src/main.tsx(22,9): error TS17004: Cannot use JSX unless the '--jsx' flag is provided.
apps/admin/src/pages/AnalyticsPage.tsx(3,29): error TS2307: Cannot find module '@/config/admin.config' or its corresponding type declarations.
apps/admin/src/pages/AnalyticsPage.tsx(4,38): error TS2307: Cannot find module '@/lib/api' or its corresponding type declarations.
apps/admin/src/pages/AnalyticsPage.tsx(5,32): error TS2307: Cannot find module '@/lib/format' or its corresponding type declarations.
apps/admin/src/pages/AnalyticsPage.tsx(74,25): error TS17004: Cannot use JSX unless the '--jsx' flag is provided.
apps/admin/src/pages/AnalyticsPage.tsx(75,23): error TS17004: Cannot use JSX unless the '--jsx' flag is provided.
apps/admin/src/pages/AnalyticsPage.tsx(78,5): error TS17004: Cannot use JSX unless the '--jsx' flag is provided.
apps/admin/src/pages/AnalyticsPage.tsx(79,23): error TS17004: Cannot use JSX unless the '--jsx' flag is provided.
apps/admin/src/pages/AnalyticsPage.tsx(80,7): error TS17004: Cannot use JSX unless the '--jsx' flag is provided.
apps/admin/src/pages/AnalyticsPage.tsx(81,9): error TS17004: Cannot use JSX unless the '--jsx' flag is provided.
apps/admin/src/pages/AnalyticsPage.tsx(82,9): error TS17004: Cannot use JSX unless the '--jsx' flag is provided.
apps/admin/src/pages/AnalyticsPage.tsx(88,9): error TS17004: Cannot use JSX unless the '--jsx' flag is provided.
apps/admin/src/pages/AnalyticsPage.tsx(89,11): error TS17004: Cannot use JSX unless the '--jsx' flag is provided.
apps/admin/src/pages/AnalyticsPage.tsx(90,11): error TS17004: Cannot use JSX unless the '--jsx' flag is provided.
apps/admin/src/pages/AnalyticsPage.tsx(91,11): error TS17004: Cannot use JSX unless the '--jsx' flag is provided.
apps/admin/src/pages/AnalyticsPage.tsx(92,13): error TS17004: Cannot use JSX unless the '--jsx' flag is provided.
apps/admin/src/pages/AnalyticsPage.tsx(93,15): error TS17004: Cannot use JSX unless the '--jsx' flag is provided.
apps/admin/src/pages/AnalyticsPage.tsx(94,15): error TS17004: Cannot use JSX unless the '--jsx' flag is provided.
apps/admin/src/pages/AnalyticsPage.tsx(95,15): error TS17004: Cannot use JSX unless the '--jsx' flag is provided.
apps/admin/src/pages/AnalyticsPage.tsx(96,15): error TS17004: Cannot use JSX unless the '--jsx' flag is provided.
apps/admin/src/pages/AnalyticsPage.tsx(98,13): error TS17004: Cannot use JSX unless the '--jsx' flag is provided.
apps/admin/src/pages/AnalyticsPage.tsx(100,11): error TS17004: Cannot use JSX unless the '--jsx' flag is provided.
apps/admin/src/pages/AnalyticsPage.tsx(103,33): error TS17004: Cannot use JSX unless the '--jsx' flag is provided.
apps/admin/src/pages/AnalyticsPage.tsx(107,7): error TS17004: Cannot use JSX unless the '--jsx' flag is provided.
apps/admin/src/pages/AnalyticsPage.tsx(108,9): error TS17004: Cannot use JSX unless the '--jsx' flag is provided.
apps/admin/src/pages/AnalyticsPage.tsx(109,11): error TS17004: Cannot use JSX unless the '--jsx' flag is provided.
apps/admin/src/pages/AnalyticsPage.tsx(110,13): error TS17004: Cannot use JSX unless the '--jsx' flag is provided.
apps/admin/src/pages/AnalyticsPage.tsx(111,15): error TS17004: Cannot use JSX unless the '--jsx' flag is provided.
apps/admin/src/pages/AnalyticsPage.tsx(112,15): error TS17004: Cannot use JSX unless the '--jsx' flag is provided.
apps/admin/src/pages/AnalyticsPage.tsx(113,15): error TS17004: Cannot use JSX unless the '--jsx' flag is provided.
apps/admin/src/pages/AnalyticsPage.tsx(114,15): error TS17004: Cannot use JSX unless the '--jsx' flag is provided.
apps/admin/src/pages/AnalyticsPage.tsx(115,15): error TS17004: Cannot use JSX unless the '--jsx' flag is provided.
apps/admin/src/pages/AnalyticsPage.tsx(118,11): error TS17004: Cannot use JSX unless the '--jsx' flag is provided.
apps/admin/src/pages/AnalyticsPage.tsx(120,15): error TS17004: Cannot use JSX unless the '--jsx' flag is provided.
apps/admin/src/pages/AnalyticsPage.tsx(121,17): error TS17004: Cannot use JSX unless the '--jsx' flag is provided.
apps/admin/src/pages/AnalyticsPage.tsx(122,17): error TS17004: Cannot use JSX unless the '--jsx' flag is provided.
apps/admin/src/pages/AnalyticsPage.tsx(122,43): error TS17004: Cannot use JSX unless the '--jsx' flag is provided.
apps/admin/src/pages/AnalyticsPage.tsx(123,17): error TS17004: Cannot use JSX unless the '--jsx' flag is provided.
apps/admin/src/pages/AnalyticsPage.tsx(124,17): error TS17004: Cannot use JSX unless the '--jsx' flag is provided.
apps/admin/src/pages/AnalyticsPage.tsx(125,17): error TS17004: Cannot use JSX unless the '--jsx' flag is provided.
apps/admin/src/pages/AnalyticsPage.tsx(126,19): error TS17004: Cannot use JSX unless the '--jsx' flag is provided.
apps/admin/src/pages/AnalyticsPage.tsx(127,49): error TS17004: Cannot use JSX unless the '--jsx' flag is provided.
apps/admin/src/pages/AnalyticsPage.tsx(128,50): error TS17004: Cannot use JSX unless the '--jsx' flag is provided.
apps/admin/src/pages/AnalyticsPage.tsx(129,50): error TS17004: Cannot use JSX unless the '--jsx' flag is provided.
apps/admin/src/pages/AnalyticsPage.tsx(130,50): error TS17004: Cannot use JSX unless the '--jsx' flag is provided.
apps/admin/src/pages/AnalyticsPage.tsx(139,44): error TS17004: Cannot use JSX unless the '--jsx' flag is provided.
apps/admin/src/pages/AnalyticsPage.tsx(142,9): error TS17004: Cannot use JSX unless the '--jsx' flag is provided.
apps/admin/src/pages/AnalyticsPage.tsx(143,11): error TS17004: Cannot use JSX unless the '--jsx' flag is provided.
apps/admin/src/pages/AnalyticsPage.tsx(144,11): error TS17004: Cannot use JSX unless the '--jsx' flag is provided.
apps/admin/src/pages/AnalyticsPage.tsx(145,13): error TS17004: Cannot use JSX unless the '--jsx' flag is provided.
apps/admin/src/pages/AnalyticsPage.tsx(146,15): error TS17004: Cannot use JSX unless the '--jsx' flag is provided.
apps/admin/src/pages/AnalyticsPage.tsx(147,15): error TS17004: Cannot use JSX unless the '--jsx' flag is provided.
apps/admin/src/pages/AnalyticsPage.tsx(148,15): error TS17004: Cannot use JSX unless the '--jsx' flag is provided.
apps/admin/src/pages/AnalyticsPage.tsx(150,13): error TS17004: Cannot use JSX unless the '--jsx' flag is provided.
apps/admin/src/pages/AnalyticsPage.tsx(151,15): error TS17004: Cannot use JSX unless the '--jsx' flag is provided.
apps/admin/src/pages/AnalyticsPage.tsx(152,15): error TS17004: Cannot use JSX unless the '--jsx' flag is provided.
apps/admin/src/pages/AnalyticsPage.tsx(153,15): error TS17004: Cannot use JSX unless the '--jsx' flag is provided.
apps/admin/src/pages/AnalyticsPage.tsx(156,11): error TS17004: Cannot use JSX unless the '--jsx' flag is provided.
apps/admin/src/pages/AnalyticsPage.tsx(157,13): error TS17004: Cannot use JSX unless the '--jsx' flag is provided.
apps/admin/src/pages/AnalyticsPage.tsx(157,27): error TS17004: Cannot use JSX unless the '--jsx' flag is provided.
apps/admin/src/pages/AnalyticsPage.tsx(158,13): error TS17004: Cannot use JSX unless the '--jsx' flag is provided.
apps/admin/src/pages/AnalyticsPage.tsx(158,31): error TS17004: Cannot use JSX unless the '--jsx' flag is provided.
apps/admin/src/pages/AnalyticsPage.tsx(187,5): error TS17004: Cannot use JSX unless the '--jsx' flag is provided.
apps/admin/src/pages/AnalyticsPage.tsx(188,7): error TS17004: Cannot use JSX unless the '--jsx' flag is provided.
apps/admin/src/pages/AnalyticsPage.tsx(189,9): error TS17004: Cannot use JSX unless the '--jsx' flag is provided.
apps/admin/src/pages/AnalyticsPage.tsx(190,11): error TS17004: Cannot use JSX unless the '--jsx' flag is provided.
apps/admin/src/pages/AnalyticsPage.tsx(191,11): error TS17004: Cannot use JSX unless the '--jsx' flag is provided.
apps/admin/src/pages/AnalyticsPage.tsx(193,9): error TS17004: Cannot use JSX unless the '--jsx' flag is provided.
apps/admin/src/pages/AnalyticsPage.tsx(194,37): error TS17004: Cannot use JSX unless the '--jsx' flag is provided.
apps/admin/src/pages/AnalyticsPage.tsx(198,20): error TS17004: Cannot use JSX unless the '--jsx' flag is provided.
apps/admin/src/pages/AnalyticsPage.tsx(198,85): error TS17004: Cannot use JSX unless the '--jsx' flag is provided.
apps/admin/src/pages/AnalyticsPage.tsx(199,9): error TS17004: Cannot use JSX unless the '--jsx' flag is provided.
apps/admin/src/pages/AnalyticsPage.tsx(200,11): error TS17004: Cannot use JSX unless the '--jsx' flag is provided.
apps/admin/src/pages/AnalyticsPage.tsx(201,13): error TS17004: Cannot use JSX unless the '--jsx' flag is provided.
apps/admin/src/pages/AnalyticsPage.tsx(202,15): error TS17004: Cannot use JSX unless the '--jsx' flag is provided.
apps/admin/src/pages/AnalyticsPage.tsx(203,17): error TS17004: Cannot use JSX unless the '--jsx' flag is provided.
apps/admin/src/pages/AnalyticsPage.tsx(204,17): error TS17004: Cannot use JSX unless the '--jsx' flag is provided.
apps/admin/src/pages/AnalyticsPage.tsx(206,19): error TS17004: Cannot use JSX unless the '--jsx' flag is provided.
apps/admin/src/pages/AnalyticsPage.tsx(210,13): error TS17004: Cannot use JSX unless the '--jsx' flag is provided.
apps/admin/src/pages/AnalyticsPage.tsx(212,17): error TS17004: Cannot use JSX unless the '--jsx' flag is provided.
apps/admin/src/pages/AnalyticsPage.tsx(213,19): error TS17004: Cannot use JSX unless the '--jsx' flag is provided.
apps/admin/src/pages/AnalyticsPage.tsx(214,19): error TS17004: Cannot use JSX unless the '--jsx' flag is provided.
apps/admin/src/pages/AnalyticsPage.tsx(220,23): error TS17004: Cannot use JSX unless the '--jsx' flag is provided.
apps/admin/src/pages/AnalyticsPage.tsx(271,5): error TS17004: Cannot use JSX unless the '--jsx' flag is provided.
apps/admin/src/pages/AnalyticsPage.tsx(272,7): error TS17004: Cannot use JSX unless the '--jsx' flag is provided.
apps/admin/src/pages/AnalyticsPage.tsx(273,9): error TS17004: Cannot use JSX unless the '--jsx' flag is provided.
apps/admin/src/pages/AnalyticsPage.tsx(274,11): error TS17004: Cannot use JSX unless the '--jsx' flag is provided.
apps/admin/src/pages/AnalyticsPage.tsx(275,11): error TS17004: Cannot use JSX unless the '--jsx' flag is provided.
apps/admin/src/pages/AnalyticsPage.tsx(276,11): error TS17004: Cannot use JSX unless the '--jsx' flag is provided.
apps/admin/src/pages/AnalyticsPage.tsx(277,11): error TS17004: Cannot use JSX unless the '--jsx' flag is provided.
apps/admin/src/pages/AnalyticsPage.tsx(278,11): error TS17004: Cannot use JSX unless the '--jsx' flag is provided.
apps/admin/src/pages/AnalyticsPage.tsx(280,9): error TS17004: Cannot use JSX unless the '--jsx' flag is provided.
apps/admin/src/pages/AnalyticsPage.tsx(283,20): error TS17004: Cannot use JSX unless the '--jsx' flag is provided.
apps/admin/src/pages/AnalyticsPage.tsx(283,85): error TS17004: Cannot use JSX unless the '--jsx' flag is provided.
apps/admin/src/pages/AnalyticsPage.tsx(284,9): error TS17004: Cannot use JSX unless the '--jsx' flag is provided.
apps/admin/src/pages/AnalyticsPage.tsx(285,11): error TS17004: Cannot use JSX unless the '--jsx' flag is provided.
apps/admin/src/pages/AnalyticsPage.tsx(286,13): error TS17004: Cannot use JSX unless the '--jsx' flag is provided.
apps/admin/src/pages/AnalyticsPage.tsx(287,15): error TS17004: Cannot use JSX unless the '--jsx' flag is provided.
apps/admin/src/pages/AnalyticsPage.tsx(288,17): error TS17004: Cannot use JSX unless the '--jsx' flag is provided.
apps/admin/src/pages/AnalyticsPage.tsx(289,17): error TS17004: Cannot use JSX unless the '--jsx' flag is provided.
apps/admin/src/pages/AnalyticsPage.tsx(290,17): error TS17004: Cannot use JSX unless the '--jsx' flag is provided.
apps/admin/src/pages/AnalyticsPage.tsx(291,17): error TS17004: Cannot use JSX unless the '--jsx' flag is provided.
apps/admin/src/pages/AnalyticsPage.tsx(292,17): error TS17004: Cannot use JSX unless the '--jsx' flag is provided.
apps/admin/src/pages/AnalyticsPage.tsx(293,17): error TS17004: Cannot use JSX unless the '--jsx' flag is provided.
apps/admin/src/pages/AnalyticsPage.tsx(294,17): error TS17004: Cannot use JSX unless the '--jsx' flag is provided.
apps/admin/src/pages/AnalyticsPage.tsx(297,13): error TS17004: Cannot use JSX unless the '--jsx' flag is provided.
apps/admin/src/pages/AnalyticsPage.tsx(299,17): error TS17004: Cannot use JSX unless the '--jsx' flag is provided.
apps/admin/src/pages/AnalyticsPage.tsx(300,19): error TS17004: Cannot use JSX unless the '--jsx' flag is provided.
apps/admin/src/pages/AnalyticsPage.tsx(301,19): error TS17004: Cannot use JSX unless the '--jsx' flag is provided.
apps/admin/src/pages/AnalyticsPage.tsx(302,19): error TS17004: Cannot use JSX unless the '--jsx' flag is provided.
apps/admin/src/pages/AnalyticsPage.tsx(303,19): error TS17004: Cannot use JSX unless the '--jsx' flag is provided.
apps/admin/src/pages/AnalyticsPage.tsx(304,19): error TS17004: Cannot use JSX unless the '--jsx' flag is provided.
apps/admin/src/pages/AnalyticsPage.tsx(305,19): error TS17004: Cannot use JSX unless the '--jsx' flag is provided.
apps/admin/src/pages/AnalyticsPage.tsx(306,19): error TS17004: Cannot use JSX unless the '--jsx' flag is provided.
apps/admin/src/pages/AnalyticsPage.tsx(306,57): error TS17004: Cannot use JSX unless the '--jsx' flag is provided.
apps/admin/src/pages/AnalyticsPage.tsx(312,13): error TS17004: Cannot use JSX unless the '--jsx' flag is provided.
apps/admin/src/pages/AnalyticsPage.tsx(313,15): error TS17004: Cannot use JSX unless the '--jsx' flag is provided.
apps/admin/src/pages/AnalyticsPage.tsx(314,15): error TS17004: Cannot use JSX unless the '--jsx' flag is provided.
apps/admin/src/pages/AnalyticsPage.tsx(315,15): error TS17004: Cannot use JSX unless the '--jsx' flag is provided.
apps/admin/src/pages/AnalyticsPage.tsx(367,5): error TS17004: Cannot use JSX unless the '--jsx' flag is provided.
apps/admin/src/pages/AnalyticsPage.tsx(368,23): error TS17004: Cannot use JSX unless the '--jsx' flag is provided.
apps/admin/src/pages/AnalyticsPage.tsx(369,7): error TS17004: Cannot use JSX unless the '--jsx' flag is provided.
apps/admin/src/pages/AnalyticsPage.tsx(370,9): error TS17004: Cannot use JSX unless the '--jsx' flag is provided.
apps/admin/src/pages/AnalyticsPage.tsx(371,11): error TS17004: Cannot use JSX unless the '--jsx' flag is provided.
apps/admin/src/pages/AnalyticsPage.tsx(372,11): error TS17004: Cannot use JSX unless the '--jsx' flag is provided.
apps/admin/src/pages/AnalyticsPage.tsx(373,13): error TS17004: Cannot use JSX unless the '--jsx' flag is provided.
apps/admin/src/pages/AnalyticsPage.tsx(374,13): error TS17004: Cannot use JSX unless the '--jsx' flag is provided.
apps/admin/src/pages/AnalyticsPage.tsx(375,13): error TS17004: Cannot use JSX unless the '--jsx' flag is provided.
apps/admin/src/pages/AnalyticsPage.tsx(376,13): error TS17004: Cannot use JSX unless the '--jsx' flag is provided.
apps/admin/src/pages/AnalyticsPage.tsx(379,9): error TS17004: Cannot use JSX unless the '--jsx' flag is provided.
apps/admin/src/pages/AnalyticsPage.tsx(384,20): error TS17004: Cannot use JSX unless the '--jsx' flag is provided.
apps/admin/src/pages/AnalyticsPage.tsx(384,85): error TS17004: Cannot use JSX unless the '--jsx' flag is provided.
apps/admin/src/pages/AnalyticsPage.tsx(385,9): error TS17004: Cannot use JSX unless the '--jsx' flag is provided.
apps/admin/src/pages/AnalyticsPage.tsx(386,11): error TS17004: Cannot use JSX unless the '--jsx' flag is provided.
apps/admin/src/pages/AnalyticsPage.tsx(387,13): error TS17004: Cannot use JSX unless the '--jsx' flag is provided.
apps/admin/src/pages/AnalyticsPage.tsx(388,15): error TS17004: Cannot use JSX unless the '--jsx' flag is provided.
apps/admin/src/pages/AnalyticsPage.tsx(389,15): error TS17004: Cannot use JSX unless the '--jsx' flag is provided.
apps/admin/src/pages/AnalyticsPage.tsx(390,15): error TS17004: Cannot use JSX unless the '--jsx' flag is provided.
apps/admin/src/pages/AnalyticsPage.tsx(391,15): error TS17004: Cannot use JSX unless the '--jsx' flag is provided.
apps/admin/src/pages/AnalyticsPage.tsx(392,15): error TS17004: Cannot use JSX unless the '--jsx' flag is provided.
apps/admin/src/pages/AnalyticsPage.tsx(393,15): error TS17004: Cannot use JSX unless the '--jsx' flag is provided.
apps/admin/src/pages/AnalyticsPage.tsx(394,15): error TS17004: Cannot use JSX unless the '--jsx' flag is provided.
apps/admin/src/pages/AnalyticsPage.tsx(395,15): error TS17004: Cannot use JSX unless the '--jsx' flag is provided.
apps/admin/src/pages/AnalyticsPage.tsx(398,11): error TS17004: Cannot use JSX unless the '--jsx' flag is provided.
apps/admin/src/pages/AnalyticsPage.tsx(400,15): error TS17004: Cannot use JSX unless the '--jsx' flag is provided.
apps/admin/src/pages/AnalyticsPage.tsx(401,17): error TS17004: Cannot use JSX unless the '--jsx' flag is provided.
apps/admin/src/pages/AnalyticsPage.tsx(402,19): error TS17004: Cannot use JSX unless the '--jsx' flag is provided.
apps/admin/src/pages/AnalyticsPage.tsx(403,56): error TS17004: Cannot use JSX unless the '--jsx' flag is provided.
apps/admin/src/pages/AnalyticsPage.tsx(405,17): error TS17004: Cannot use JSX unless the '--jsx' flag is provided.
apps/admin/src/pages/AnalyticsPage.tsx(405,43): error TS17004: Cannot use JSX unless the '--jsx' flag is provided.
apps/admin/src/pages/AnalyticsPage.tsx(406,17): error TS17004: Cannot use JSX unless the '--jsx' flag is provided.
apps/admin/src/pages/AnalyticsPage.tsx(407,17): error TS17004: Cannot use JSX unless the '--jsx' flag is provided.
apps/admin/src/pages/AnalyticsPage.tsx(408,17): error TS17004: Cannot use JSX unless the '--jsx' flag is provided.
apps/admin/src/pages/AnalyticsPage.tsx(409,17): error TS17004: Cannot use JSX unless the '--jsx' flag is provided.
apps/admin/src/pages/AnalyticsPage.tsx(410,17): error TS17004: Cannot use JSX unless the '--jsx' flag is provided.
apps/admin/src/pages/AnalyticsPage.tsx(411,17): error TS17004: Cannot use JSX unless the '--jsx' flag is provided.
apps/admin/src/pages/AnalyticsPage.tsx(443,5): error TS17004: Cannot use JSX unless the '--jsx' flag is provided.
apps/admin/src/pages/AnalyticsPage.tsx(444,20): error TS17004: Cannot use JSX unless the '--jsx' flag is provided.
apps/admin/src/pages/AnalyticsPage.tsx(444,85): error TS17004: Cannot use JSX unless the '--jsx' flag is provided.
apps/admin/src/pages/AnalyticsPage.tsx(445,9): error TS17004: Cannot use JSX unless the '--jsx' flag is provided.
apps/admin/src/pages/AnalyticsPage.tsx(449,15): error TS17004: Cannot use JSX unless the '--jsx' flag is provided.
apps/admin/src/pages/AnalyticsPage.tsx(450,17): error TS17004: Cannot use JSX unless the '--jsx' flag is provided.
apps/admin/src/pages/AnalyticsPage.tsx(451,19): error TS17004: Cannot use JSX unless the '--jsx' flag is provided.
apps/admin/src/pages/AnalyticsPage.tsx(452,21): error TS17004: Cannot use JSX unless the '--jsx' flag is provided.
apps/admin/src/pages/AnalyticsPage.tsx(453,21): error TS17004: Cannot use JSX unless the '--jsx' flag is provided.
apps/admin/src/pages/AnalyticsPage.tsx(455,19): error TS17004: Cannot use JSX unless the '--jsx' flag is provided.
apps/admin/src/pages/AnalyticsPage.tsx(456,21): error TS17004: Cannot use JSX unless the '--jsx' flag is provided.
apps/admin/src/pages/AnalyticsPage.tsx(456,68): error TS17004: Cannot use JSX unless the '--jsx' flag is provided.
apps/admin/src/pages/AnalyticsPage.tsx(457,21): error TS17004: Cannot use JSX unless the '--jsx' flag is provided.
apps/admin/src/pages/AnalyticsPage.tsx(458,34): error TS17004: Cannot use JSX unless the '--jsx' flag is provided.
apps/admin/src/pages/AnalyticsPage.tsx(459,39): error TS17004: Cannot use JSX unless the '--jsx' flag is provided.
apps/admin/src/pages/AnalyticsPage.tsx(463,17): error TS17004: Cannot use JSX unless the '--jsx' flag is provided.
apps/admin/src/pages/AnalyticsPage.tsx(464,19): error TS17004: Cannot use JSX unless the '--jsx' flag is provided.
apps/admin/src/pages/AnalyticsPage.tsx(464,38): error TS17004: Cannot use JSX unless the '--jsx' flag is provided.
apps/admin/src/pages/AnalyticsPage.tsx(465,19): error TS17004: Cannot use JSX unless the '--jsx' flag is provided.
apps/admin/src/pages/AnalyticsPage.tsx(465,38): error TS17004: Cannot use JSX unless the '--jsx' flag is provided.
apps/admin/src/pages/AnalyticsPage.tsx(467,17): error TS17004: Cannot use JSX unless the '--jsx' flag is provided.
apps/admin/src/pages/AnalyticsPage.tsx(483,5): error TS17004: Cannot use JSX unless the '--jsx' flag is provided.
apps/admin/src/pages/AnalyticsPage.tsx(484,7): error TS17004: Cannot use JSX unless the '--jsx' flag is provided.
apps/admin/src/pages/AnalyticsPage.tsx(485,9): error TS17004: Cannot use JSX unless the '--jsx' flag is provided.
apps/admin/src/pages/AnalyticsPage.tsx(488,7): error TS17004: Cannot use JSX unless the '--jsx' flag is provided.
apps/admin/src/pages/AnalyticsPage.tsx(490,11): error TS17004: Cannot use JSX unless the '--jsx' flag is provided.
apps/admin/src/pages/AnalyticsPage.tsx(504,36): error TS17004: Cannot use JSX unless the '--jsx' flag is provided.
apps/admin/src/pages/AnalyticsPage.tsx(505,35): error TS17004: Cannot use JSX unless the '--jsx' flag is provided.
apps/admin/src/pages/AnalyticsPage.tsx(506,33): error TS17004: Cannot use JSX unless the '--jsx' flag is provided.
apps/admin/src/pages/AnalyticsPage.tsx(507,35): error TS17004: Cannot use JSX unless the '--jsx' flag is provided.
apps/admin/src/pages/AnalyticsPage.tsx(508,38): error TS17004: Cannot use JSX unless the '--jsx' flag is provided.
apps/admin/src/pages/AuditLogPage.tsx(3,17): error TS2307: Cannot find module '@/lib/api' or its corresponding type declarations.
apps/admin/src/pages/AuditLogPage.tsx(4,29): error TS2307: Cannot find module '@/config/admin.config' or its corresponding type declarations.
apps/admin/src/pages/AuditLogPage.tsx(69,5): error TS17004: Cannot use JSX unless the '--jsx' flag is provided.
apps/admin/src/pages/AuditLogPage.tsx(70,7): error TS17004: Cannot use JSX unless the '--jsx' flag is provided.
apps/admin/src/pages/AuditLogPage.tsx(71,9): error TS17004: Cannot use JSX unless the '--jsx' flag is provided.
apps/admin/src/pages/AuditLogPage.tsx(72,11): error TS17004: Cannot use JSX unless the '--jsx' flag is provided.
apps/admin/src/pages/AuditLogPage.tsx(73,11): error TS17004: Cannot use JSX unless the '--jsx' flag is provided.
apps/admin/src/pages/AuditLogPage.tsx(78,11): error TS17004: Cannot use JSX unless the '--jsx' flag is provided.
apps/admin/src/pages/AuditLogPage.tsx(84,7): error TS17004: Cannot use JSX unless the '--jsx' flag is provided.
apps/admin/src/pages/AuditLogPage.tsx(85,9): error TS17004: Cannot use JSX unless the '--jsx' flag is provided.
apps/admin/src/pages/AuditLogPage.tsx(92,9): error TS17004: Cannot use JSX unless the '--jsx' flag is provided.
apps/admin/src/pages/AuditLogPage.tsx(100,11): error TS17004: Cannot use JSX unless the '--jsx' flag is provided.
apps/admin/src/pages/AuditLogPage.tsx(110,9): error TS17004: Cannot use JSX unless the '--jsx' flag is provided.
apps/admin/src/pages/AuditLogPage.tsx(111,11): error TS17004: Cannot use JSX unless the '--jsx' flag is provided.
apps/admin/src/pages/AuditLogPage.tsx(114,9): error TS17004: Cannot use JSX unless the '--jsx' flag is provided.
apps/admin/src/pages/AuditLogPage.tsx(115,11): error TS17004: Cannot use JSX unless the '--jsx' flag is provided.
apps/admin/src/pages/AuditLogPage.tsx(116,11): error TS17004: Cannot use JSX unless the '--jsx' flag is provided.
apps/admin/src/pages/AuditLogPage.tsx(119,9): error TS17004: Cannot use JSX unless the '--jsx' flag is provided.
apps/admin/src/pages/AuditLogPage.tsx(120,11): error TS17004: Cannot use JSX unless the '--jsx' flag is provided.
apps/admin/src/pages/AuditLogPage.tsx(121,11): error TS17004: Cannot use JSX unless the '--jsx' flag is provided.
apps/admin/src/pages/AuditLogPage.tsx(122,11): error TS17004: Cannot use JSX unless the '--jsx' flag is provided.
apps/admin/src/pages/AuditLogPage.tsx(127,9): error TS17004: Cannot use JSX unless the '--jsx' flag is provided.
apps/admin/src/pages/AuditLogPage.tsx(128,11): error TS17004: Cannot use JSX unless the '--jsx' flag is provided.
apps/admin/src/pages/AuditLogPage.tsx(129,13): error TS17004: Cannot use JSX unless the '--jsx' flag is provided.
apps/admin/src/pages/AuditLogPage.tsx(130,15): error TS17004: Cannot use JSX unless the '--jsx' flag is provided.
apps/admin/src/pages/AuditLogPage.tsx(131,17): error TS17004: Cannot use JSX unless the '--jsx' flag is provided.
apps/admin/src/pages/AuditLogPage.tsx(132,19): error TS17004: Cannot use JSX unless the '--jsx' flag is provided.
apps/admin/src/pages/AuditLogPage.tsx(133,19): error TS17004: Cannot use JSX unless the '--jsx' flag is provided.
apps/admin/src/pages/AuditLogPage.tsx(134,19): error TS17004: Cannot use JSX unless the '--jsx' flag is provided.
apps/admin/src/pages/AuditLogPage.tsx(135,19): error TS17004: Cannot use JSX unless the '--jsx' flag is provided.
apps/admin/src/pages/AuditLogPage.tsx(136,19): error TS17004: Cannot use JSX unless the '--jsx' flag is provided.
apps/admin/src/pages/AuditLogPage.tsx(137,19): error TS17004: Cannot use JSX unless the '--jsx' flag is provided.
apps/admin/src/pages/AuditLogPage.tsx(140,15): error TS17004: Cannot use JSX unless the '--jsx' flag is provided.
apps/admin/src/pages/AuditLogPage.tsx(141,31): error TS7006: Parameter 'entry' implicitly has an 'any' type.
apps/admin/src/pages/AuditLogPage.tsx(142,19): error TS17004: Cannot use JSX unless the '--jsx' flag is provided.
apps/admin/src/pages/AuditLogPage.tsx(147,21): error TS17004: Cannot use JSX unless the '--jsx' flag is provided.
apps/admin/src/pages/AuditLogPage.tsx(150,21): error TS17004: Cannot use JSX unless the '--jsx' flag is provided.
apps/admin/src/pages/AuditLogPage.tsx(151,23): error TS17004: Cannot use JSX unless the '--jsx' flag is provided.
apps/admin/src/pages/AuditLogPage.tsx(152,25): error TS17004: Cannot use JSX unless the '--jsx' flag is provided.
apps/admin/src/pages/AuditLogPage.tsx(154,27): error TS17004: Cannot use JSX unless the '--jsx' flag is provided.
apps/admin/src/pages/AuditLogPage.tsx(160,21): error TS17004: Cannot use JSX unless the '--jsx' flag is provided.
apps/admin/src/pages/AuditLogPage.tsx(161,21): error TS17004: Cannot use JSX unless the '--jsx' flag is provided.
apps/admin/src/pages/AuditLogPage.tsx(162,23): error TS17004: Cannot use JSX unless the '--jsx' flag is provided.
apps/admin/src/pages/AuditLogPage.tsx(164,25): error TS17004: Cannot use JSX unless the '--jsx' flag is provided.
apps/admin/src/pages/AuditLogPage.tsx(169,21): error TS17004: Cannot use JSX unless the '--jsx' flag is provided.
apps/admin/src/pages/AuditLogPage.tsx(170,21): error TS17004: Cannot use JSX unless the '--jsx' flag is provided.
apps/admin/src/pages/AuditLogPage.tsx(180,13): error TS17004: Cannot use JSX unless the '--jsx' flag is provided.
apps/admin/src/pages/AuditLogPage.tsx(181,15): error TS17004: Cannot use JSX unless the '--jsx' flag is provided.
apps/admin/src/pages/AuditLogPage.tsx(182,15): error TS17004: Cannot use JSX unless the '--jsx' flag is provided.
apps/admin/src/pages/AuditLogPage.tsx(183,17): error TS17004: Cannot use JSX unless the '--jsx' flag is provided.
apps/admin/src/pages/AuditLogPage.tsx(184,19): error TS17004: Cannot use JSX unless the '--jsx' flag is provided.
apps/admin/src/pages/AuditLogPage.tsx(185,19): error TS17004: Cannot use JSX unless the '--jsx' flag is provided.
apps/admin/src/pages/AuditLogPage.tsx(187,17): error TS17004: Cannot use JSX unless the '--jsx' flag is provided.
apps/admin/src/pages/AuditLogPage.tsx(188,19): error TS17004: Cannot use JSX unless the '--jsx' flag is provided.
apps/admin/src/pages/AuditLogPage.tsx(189,19): error TS17004: Cannot use JSX unless the '--jsx' flag is provided.
apps/admin/src/pages/AuditLogPage.tsx(191,17): error TS17004: Cannot use JSX unless the '--jsx' flag is provided.
apps/admin/src/pages/AuditLogPage.tsx(192,19): error TS17004: Cannot use JSX unless the '--jsx' flag is provided.
apps/admin/src/pages/AuditLogPage.tsx(193,19): error TS17004: Cannot use JSX unless the '--jsx' flag is provided.
apps/admin/src/pages/AuditLogPage.tsx(195,17): error TS17004: Cannot use JSX unless the '--jsx' flag is provided.
apps/admin/src/pages/AuditLogPage.tsx(196,19): error TS17004: Cannot use JSX unless the '--jsx' flag is provided.
apps/admin/src/pages/AuditLogPage.tsx(197,19): error TS17004: Cannot use JSX unless the '--jsx' flag is provided.
apps/admin/src/pages/AuditLogPage.tsx(201,17): error TS17004: Cannot use JSX unless the '--jsx' flag is provided.
apps/admin/src/pages/AuditLogPage.tsx(203,21): error TS17004: Cannot use JSX unless the '--jsx' flag is provided.
apps/admin/src/pages/AuditLogPage.tsx(204,23): error TS17004: Cannot use JSX unless the '--jsx' flag is provided.
apps/admin/src/pages/AuditLogPage.tsx(205,23): error TS17004: Cannot use JSX unless the '--jsx' flag is provided.
apps/admin/src/pages/AuditLogPage.tsx(211,21): error TS17004: Cannot use JSX unless the '--jsx' flag is provided.
apps/admin/src/pages/AuditLogPage.tsx(212,23): error TS17004: Cannot use JSX unless the '--jsx' flag is provided.
apps/admin/src/pages/AuditLogPage.tsx(213,23): error TS17004: Cannot use JSX unless the '--jsx' flag is provided.
apps/admin/src/pages/AuditLogPage.tsx(224,13): error TS17004: Cannot use JSX unless the '--jsx' flag is provided.
apps/admin/src/pages/AuditLogPage.tsx(225,15): error TS17004: Cannot use JSX unless the '--jsx' flag is provided.
apps/admin/src/pages/AuditLogPage.tsx(228,15): error TS17004: Cannot use JSX unless the '--jsx' flag is provided.
apps/admin/src/pages/AuditLogPage.tsx(229,17): error TS17004: Cannot use JSX unless the '--jsx' flag is provided.
apps/admin/src/pages/AuditLogPage.tsx(236,17): error TS17004: Cannot use JSX unless the '--jsx' flag is provided.
apps/admin/src/pages/BookingsPage.tsx(3,17): error TS2307: Cannot find module '@/lib/api' or its corresponding type declarations.
apps/admin/src/pages/BookingsPage.tsx(4,32): error TS2307: Cannot find module '@/lib/format' or its corresponding type declarations.
apps/admin/src/pages/BookingsPage.tsx(5,59): error TS2307: Cannot find module '@/components/ui' or its corresponding type declarations.
apps/admin/src/pages/BookingsPage.tsx(6,29): error TS2307: Cannot find module '@/config/admin.config' or its corresponding type declarations.
apps/admin/src/pages/BookingsPage.tsx(81,16): error TS7006: Parameter 'r' implicitly has an 'any' type.
apps/admin/src/pages/BookingsPage.tsx(82,9): error TS17004: Cannot use JSX unless the '--jsx' flag is provided.
apps/admin/src/pages/BookingsPage.tsx(88,16): error TS7006: Parameter 'r' implicitly has an 'any' type.
apps/admin/src/pages/BookingsPage.tsx(89,9): error TS17004: Cannot use JSX unless the '--jsx' flag is provided.
apps/admin/src/pages/BookingsPage.tsx(95,16): error TS7006: Parameter 'r' implicitly has an 'any' type.
apps/admin/src/pages/BookingsPage.tsx(95,22): error TS17004: Cannot use JSX unless the '--jsx' flag is provided.
apps/admin/src/pages/BookingsPage.tsx(100,16): error TS7006: Parameter 'r' implicitly has an 'any' type.
apps/admin/src/pages/BookingsPage.tsx(101,9): error TS17004: Cannot use JSX unless the '--jsx' flag is provided.
apps/admin/src/pages/BookingsPage.tsx(107,16): error TS7006: Parameter 'r' implicitly has an 'any' type.
apps/admin/src/pages/BookingsPage.tsx(108,9): error TS17004: Cannot use JSX unless the '--jsx' flag is provided.
apps/admin/src/pages/BookingsPage.tsx(114,16): error TS7006: Parameter 'r' implicitly has an 'any' type.
apps/admin/src/pages/BookingsPage.tsx(115,9): error TS17004: Cannot use JSX unless the '--jsx' flag is provided.
apps/admin/src/pages/BookingsPage.tsx(121,16): error TS7006: Parameter 'r' implicitly has an 'any' type.
apps/admin/src/pages/BookingsPage.tsx(122,9): error TS17004: Cannot use JSX unless the '--jsx' flag is provided.
apps/admin/src/pages/BookingsPage.tsx(130,5): error TS17004: Cannot use JSX unless the '--jsx' flag is provided.
apps/admin/src/pages/BookingsPage.tsx(131,7): error TS17004: Cannot use JSX unless the '--jsx' flag is provided.
apps/admin/src/pages/BookingsPage.tsx(132,9): error TS17004: Cannot use JSX unless the '--jsx' flag is provided.
apps/admin/src/pages/BookingsPage.tsx(133,9): error TS17004: Cannot use JSX unless the '--jsx' flag is provided.
apps/admin/src/pages/BookingsPage.tsx(138,7): error TS17004: Cannot use JSX unless the '--jsx' flag is provided.
apps/admin/src/pages/BookingsPage.tsx(139,9): error TS17004: Cannot use JSX unless the '--jsx' flag is provided.
apps/admin/src/pages/BookingsPage.tsx(140,11): error TS17004: Cannot use JSX unless the '--jsx' flag is provided.
apps/admin/src/pages/BookingsPage.tsx(147,11): error TS17004: Cannot use JSX unless the '--jsx' flag is provided.
apps/admin/src/pages/BookingsPage.tsx(151,9): error TS17004: Cannot use JSX unless the '--jsx' flag is provided.
apps/admin/src/pages/BookingsPage.tsx(156,11): error TS17004: Cannot use JSX unless the '--jsx' flag is provided.
apps/admin/src/pages/BookingsPage.tsx(157,11): error TS17004: Cannot use JSX unless the '--jsx' flag is provided.
apps/admin/src/pages/BookingsPage.tsx(158,11): error TS17004: Cannot use JSX unless the '--jsx' flag is provided.
apps/admin/src/pages/BookingsPage.tsx(159,11): error TS17004: Cannot use JSX unless the '--jsx' flag is provided.
apps/admin/src/pages/BookingsPage.tsx(160,11): error TS17004: Cannot use JSX unless the '--jsx' flag is provided.
apps/admin/src/pages/BookingsPage.tsx(161,11): error TS17004: Cannot use JSX unless the '--jsx' flag is provided.
apps/admin/src/pages/BookingsPage.tsx(162,11): error TS17004: Cannot use JSX unless the '--jsx' flag is provided.
apps/admin/src/pages/BookingsPage.tsx(163,11): error TS17004: Cannot use JSX unless the '--jsx' flag is provided.
apps/admin/src/pages/BookingsPage.tsx(164,11): error TS17004: Cannot use JSX unless the '--jsx' flag is provided.
apps/admin/src/pages/BookingsPage.tsx(165,11): error TS17004: Cannot use JSX unless the '--jsx' flag is provided.
apps/admin/src/pages/BookingsPage.tsx(166,11): error TS17004: Cannot use JSX unless the '--jsx' flag is provided.
apps/admin/src/pages/BookingsPage.tsx(167,11): error TS17004: Cannot use JSX unless the '--jsx' flag is provided.
apps/admin/src/pages/BookingsPage.tsx(168,11): error TS17004: Cannot use JSX unless the '--jsx' flag is provided.
apps/admin/src/pages/BookingsPage.tsx(169,11): error TS17004: Cannot use JSX unless the '--jsx' flag is provided.
apps/admin/src/pages/BookingsPage.tsx(170,11): error TS17004: Cannot use JSX unless the '--jsx' flag is provided.
apps/admin/src/pages/BookingsPage.tsx(171,11): error TS17004: Cannot use JSX unless the '--jsx' flag is provided.
apps/admin/src/pages/BookingsPage.tsx(172,11): error TS17004: Cannot use JSX unless the '--jsx' flag is provided.
apps/admin/src/pages/BookingsPage.tsx(173,11): error TS17004: Cannot use JSX unless the '--jsx' flag is provided.
apps/admin/src/pages/BookingsPage.tsx(178,9): error TS17004: Cannot use JSX unless the '--jsx' flag is provided.
apps/admin/src/pages/BookingsPage.tsx(183,7): error TS17004: Cannot use JSX unless the '--jsx' flag is provided.
apps/admin/src/pages/BookingsPage.tsx(183,75): error TS7006: Parameter 'r' implicitly has an 'any' type.
apps/admin/src/pages/BookingsPage.tsx(186,9): error TS17004: Cannot use JSX unless the '--jsx' flag is provided.
apps/admin/src/pages/BusinessAccountsPage.tsx(3,29): error TS2307: Cannot find module '@/config/admin.config' or its corresponding type declarations.
apps/admin/src/pages/BusinessAccountsPage.tsx(4,38): error TS2307: Cannot find module '@/lib/api' or its corresponding type declarations.
apps/admin/src/pages/BusinessAccountsPage.tsx(5,32): error TS2307: Cannot find module '@/lib/format' or its corresponding type declarations.
apps/admin/src/pages/BusinessAccountsPage.tsx(6,59): error TS2307: Cannot find module '@/components/ui' or its corresponding type declarations.
apps/admin/src/pages/BusinessAccountsPage.tsx(105,16): error TS7006: Parameter 'r' implicitly has an 'any' type.
apps/admin/src/pages/BusinessAccountsPage.tsx(106,9): error TS17004: Cannot use JSX unless the '--jsx' flag is provided.
apps/admin/src/pages/BusinessAccountsPage.tsx(112,16): error TS7006: Parameter 'r' implicitly has an 'any' type.
apps/admin/src/pages/BusinessAccountsPage.tsx(113,9): error TS17004: Cannot use JSX unless the '--jsx' flag is provided.
apps/admin/src/pages/BusinessAccountsPage.tsx(114,11): error TS17004: Cannot use JSX unless the '--jsx' flag is provided.
apps/admin/src/pages/BusinessAccountsPage.tsx(115,11): error TS17004: Cannot use JSX unless the '--jsx' flag is provided.
apps/admin/src/pages/BusinessAccountsPage.tsx(122,16): error TS7006: Parameter 'r' implicitly has an 'any' type.
apps/admin/src/pages/BusinessAccountsPage.tsx(122,22): error TS17004: Cannot use JSX unless the '--jsx' flag is provided.
apps/admin/src/pages/BusinessAccountsPage.tsx(127,16): error TS7006: Parameter 'r' implicitly has an 'any' type.
apps/admin/src/pages/BusinessAccountsPage.tsx(127,22): error TS17004: Cannot use JSX unless the '--jsx' flag is provided.
apps/admin/src/pages/BusinessAccountsPage.tsx(132,16): error TS7006: Parameter 'r' implicitly has an 'any' type.
apps/admin/src/pages/BusinessAccountsPage.tsx(133,9): error TS17004: Cannot use JSX unless the '--jsx' flag is provided.
apps/admin/src/pages/BusinessAccountsPage.tsx(139,16): error TS7006: Parameter 'r' implicitly has an 'any' type.
apps/admin/src/pages/BusinessAccountsPage.tsx(140,9): error TS17004: Cannot use JSX unless the '--jsx' flag is provided.
apps/admin/src/pages/BusinessAccountsPage.tsx(146,16): error TS7006: Parameter 'r' implicitly has an 'any' type.
apps/admin/src/pages/BusinessAccountsPage.tsx(146,22): error TS17004: Cannot use JSX unless the '--jsx' flag is provided.
apps/admin/src/pages/BusinessAccountsPage.tsx(151,16): error TS7006: Parameter 'r' implicitly has an 'any' type.
apps/admin/src/pages/BusinessAccountsPage.tsx(152,9): error TS17004: Cannot use JSX unless the '--jsx' flag is provided.
apps/admin/src/pages/BusinessAccountsPage.tsx(158,16): error TS7006: Parameter 'r' implicitly has an 'any' type.
apps/admin/src/pages/BusinessAccountsPage.tsx(159,9): error TS17004: Cannot use JSX unless the '--jsx' flag is provided.
apps/admin/src/pages/BusinessAccountsPage.tsx(161,13): error TS17004: Cannot use JSX unless the '--jsx' flag is provided.
apps/admin/src/pages/BusinessAccountsPage.tsx(170,13): error TS17004: Cannot use JSX unless the '--jsx' flag is provided.
apps/admin/src/pages/BusinessAccountsPage.tsx(187,5): error TS17004: Cannot use JSX unless the '--jsx' flag is provided.
apps/admin/src/pages/BusinessAccountsPage.tsx(188,7): error TS17004: Cannot use JSX unless the '--jsx' flag is provided.
apps/admin/src/pages/BusinessAccountsPage.tsx(189,9): error TS17004: Cannot use JSX unless the '--jsx' flag is provided.
apps/admin/src/pages/BusinessAccountsPage.tsx(192,7): error TS17004: Cannot use JSX unless the '--jsx' flag is provided.
apps/admin/src/pages/BusinessAccountsPage.tsx(193,9): error TS17004: Cannot use JSX unless the '--jsx' flag is provided.
apps/admin/src/pages/BusinessAccountsPage.tsx(194,11): error TS17004: Cannot use JSX unless the '--jsx' flag is provided.
apps/admin/src/pages/BusinessAccountsPage.tsx(201,11): error TS17004: Cannot use JSX unless the '--jsx' flag is provided.
apps/admin/src/pages/BusinessAccountsPage.tsx(209,9): error TS17004: Cannot use JSX unless the '--jsx' flag is provided.
apps/admin/src/pages/BusinessAccountsPage.tsx(214,11): error TS17004: Cannot use JSX unless the '--jsx' flag is provided.
apps/admin/src/pages/BusinessAccountsPage.tsx(215,11): error TS17004: Cannot use JSX unless the '--jsx' flag is provided.
apps/admin/src/pages/BusinessAccountsPage.tsx(216,11): error TS17004: Cannot use JSX unless the '--jsx' flag is provided.
apps/admin/src/pages/BusinessAccountsPage.tsx(217,11): error TS17004: Cannot use JSX unless the '--jsx' flag is provided.
apps/admin/src/pages/BusinessAccountsPage.tsx(218,11): error TS17004: Cannot use JSX unless the '--jsx' flag is provided.
apps/admin/src/pages/BusinessAccountsPage.tsx(222,19): error TS17004: Cannot use JSX unless the '--jsx' flag is provided.
apps/admin/src/pages/BusinessAccountsPage.tsx(223,23): error TS17004: Cannot use JSX unless the '--jsx' flag is provided.
apps/admin/src/pages/BusinessAccountsPage.tsx(225,7): error TS17004: Cannot use JSX unless the '--jsx' flag is provided.
apps/admin/src/pages/BusinessAccountsPage.tsx(225,67): error TS7006: Parameter 'r' implicitly has an 'any' type.
apps/admin/src/pages/BusinessAccountsPage.tsx(228,9): error TS17004: Cannot use JSX unless the '--jsx' flag is provided.
apps/admin/src/pages/CatalogPage.tsx(3,38): error TS2307: Cannot find module '@/lib/api' or its corresponding type declarations.
apps/admin/src/pages/CatalogPage.tsx(4,32): error TS2307: Cannot find module '@/lib/format' or its corresponding type declarations.
apps/admin/src/pages/CatalogPage.tsx(5,23): error TS2307: Cannot find module '@/components/ui' or its corresponding type declarations.
apps/admin/src/pages/CatalogPage.tsx(263,7): error TS17004: Cannot use JSX unless the '--jsx' flag is provided.
apps/admin/src/pages/CatalogPage.tsx(264,9): error TS17004: Cannot use JSX unless the '--jsx' flag is provided.
apps/admin/src/pages/CatalogPage.tsx(270,12): error TS17004: Cannot use JSX unless the '--jsx' flag is provided.
apps/admin/src/pages/CatalogPage.tsx(274,5): error TS17004: Cannot use JSX unless the '--jsx' flag is provided.
apps/admin/src/pages/CatalogPage.tsx(275,7): error TS17004: Cannot use JSX unless the '--jsx' flag is provided.
apps/admin/src/pages/CatalogPage.tsx(276,9): error TS17004: Cannot use JSX unless the '--jsx' flag is provided.
apps/admin/src/pages/CatalogPage.tsx(277,11): error TS17004: Cannot use JSX unless the '--jsx' flag is provided.
apps/admin/src/pages/CatalogPage.tsx(278,11): error TS17004: Cannot use JSX unless the '--jsx' flag is provided.
apps/admin/src/pages/CatalogPage.tsx(280,9): error TS17004: Cannot use JSX unless the '--jsx' flag is provided.
apps/admin/src/pages/CatalogPage.tsx(288,7): error TS17004: Cannot use JSX unless the '--jsx' flag is provided.
apps/admin/src/pages/CatalogPage.tsx(289,28): error TS7006: Parameter 'cat' implicitly has an 'any' type.
apps/admin/src/pages/CatalogPage.tsx(290,11): error TS17004: Cannot use JSX unless the '--jsx' flag is provided.
apps/admin/src/pages/CatalogPage.tsx(291,13): error TS17004: Cannot use JSX unless the '--jsx' flag is provided.
apps/admin/src/pages/CatalogPage.tsx(295,15): error TS17004: Cannot use JSX unless the '--jsx' flag is provided.
apps/admin/src/pages/CatalogPage.tsx(296,33): error TS17004: Cannot use JSX unless the '--jsx' flag is provided.
apps/admin/src/pages/CatalogPage.tsx(297,17): error TS17004: Cannot use JSX unless the '--jsx' flag is provided.
apps/admin/src/pages/CatalogPage.tsx(298,19): error TS17004: Cannot use JSX unless the '--jsx' flag is provided.
apps/admin/src/pages/CatalogPage.tsx(299,19): error TS17004: Cannot use JSX unless the '--jsx' flag is provided.
apps/admin/src/pages/CatalogPage.tsx(304,15): error TS17004: Cannot use JSX unless the '--jsx' flag is provided.
apps/admin/src/pages/CatalogPage.tsx(305,17): error TS17004: Cannot use JSX unless the '--jsx' flag is provided.
apps/admin/src/pages/CatalogPage.tsx(311,17): error TS17004: Cannot use JSX unless the '--jsx' flag is provided.
apps/admin/src/pages/CatalogPage.tsx(317,17): error TS17004: Cannot use JSX unless the '--jsx' flag is provided.
apps/admin/src/pages/CatalogPage.tsx(324,15): error TS17004: Cannot use JSX unless the '--jsx' flag is provided.
apps/admin/src/pages/CatalogPage.tsx(326,19): error TS17004: Cannot use JSX unless the '--jsx' flag is provided.
apps/admin/src/pages/CatalogPage.tsx(328,19): error TS17004: Cannot use JSX unless the '--jsx' flag is provided.
apps/admin/src/pages/CatalogPage.tsx(329,21): error TS17004: Cannot use JSX unless the '--jsx' flag is provided.
apps/admin/src/pages/CatalogPage.tsx(330,23): error TS17004: Cannot use JSX unless the '--jsx' flag is provided.
apps/admin/src/pages/CatalogPage.tsx(331,25): error TS17004: Cannot use JSX unless the '--jsx' flag is provided.
apps/admin/src/pages/CatalogPage.tsx(332,25): error TS17004: Cannot use JSX unless the '--jsx' flag is provided.
apps/admin/src/pages/CatalogPage.tsx(333,25): error TS17004: Cannot use JSX unless the '--jsx' flag is provided.
apps/admin/src/pages/CatalogPage.tsx(334,25): error TS17004: Cannot use JSX unless the '--jsx' flag is provided.
apps/admin/src/pages/CatalogPage.tsx(335,25): error TS17004: Cannot use JSX unless the '--jsx' flag is provided.
apps/admin/src/pages/CatalogPage.tsx(338,21): error TS17004: Cannot use JSX unless the '--jsx' flag is provided.
apps/admin/src/pages/CatalogPage.tsx(339,47): error TS7006: Parameter 'sub' implicitly has an 'any' type.
apps/admin/src/pages/CatalogPage.tsx(340,25): error TS17004: Cannot use JSX unless the '--jsx' flag is provided.
apps/admin/src/pages/CatalogPage.tsx(341,25): error TS17004: Cannot use JSX unless the '--jsx' flag is provided.
apps/admin/src/pages/CatalogPage.tsx(342,27): error TS17004: Cannot use JSX unless the '--jsx' flag is provided.
apps/admin/src/pages/CatalogPage.tsx(343,29): error TS17004: Cannot use JSX unless the '--jsx' flag is provided.
apps/admin/src/pages/CatalogPage.tsx(344,29): error TS17004: Cannot use JSX unless the '--jsx' flag is provided.
apps/admin/src/pages/CatalogPage.tsx(346,27): error TS17004: Cannot use JSX unless the '--jsx' flag is provided.
apps/admin/src/pages/CatalogPage.tsx(347,29): error TS17004: Cannot use JSX unless the '--jsx' flag is provided.
apps/admin/src/pages/CatalogPage.tsx(349,31): error TS17004: Cannot use JSX unless the '--jsx' flag is provided.
apps/admin/src/pages/CatalogPage.tsx(354,27): error TS17004: Cannot use JSX unless the '--jsx' flag is provided.
apps/admin/src/pages/CatalogPage.tsx(357,27): error TS17004: Cannot use JSX unless the '--jsx' flag is provided.
apps/admin/src/pages/CatalogPage.tsx(358,27): error TS17004: Cannot use JSX unless the '--jsx' flag is provided.
apps/admin/src/pages/CatalogPage.tsx(359,29): error TS17004: Cannot use JSX unless the '--jsx' flag is provided.
apps/admin/src/pages/CatalogPage.tsx(365,29): error TS17004: Cannot use JSX unless the '--jsx' flag is provided.
apps/admin/src/pages/CatalogPage.tsx(371,29): error TS17004: Cannot use JSX unless the '--jsx' flag is provided.
apps/admin/src/pages/CatalogPage.tsx(382,27): error TS17004: Cannot use JSX unless the '--jsx' flag is provided.
apps/admin/src/pages/CatalogPage.tsx(383,29): error TS17004: Cannot use JSX unless the '--jsx' flag is provided.
apps/admin/src/pages/CatalogPage.tsx(384,31): error TS17004: Cannot use JSX unless the '--jsx' flag is provided.
apps/admin/src/pages/CatalogPage.tsx(385,33): error TS17004: Cannot use JSX unless the '--jsx' flag is provided.
apps/admin/src/pages/CatalogPage.tsx(388,33): error TS17004: Cannot use JSX unless the '--jsx' flag is provided.
apps/admin/src/pages/CatalogPage.tsx(396,33): error TS17004: Cannot use JSX unless the '--jsx' flag is provided.
apps/admin/src/pages/CatalogPage.tsx(399,33): error TS17004: Cannot use JSX unless the '--jsx' flag is provided.
apps/admin/src/pages/CatalogPage.tsx(401,33): error TS17004: Cannot use JSX unless the '--jsx' flag is provided.
apps/admin/src/pages/CatalogPage.tsx(402,60): error TS7006: Parameter 'addon' implicitly has an 'any' type.
apps/admin/src/pages/CatalogPage.tsx(403,37): error TS17004: Cannot use JSX unless the '--jsx' flag is provided.
apps/admin/src/pages/CatalogPage.tsx(404,39): error TS17004: Cannot use JSX unless the '--jsx' flag is provided.
apps/admin/src/pages/CatalogPage.tsx(405,41): error TS17004: Cannot use JSX unless the '--jsx' flag is provided.
apps/admin/src/pages/CatalogPage.tsx(407,43): error TS17004: Cannot use JSX unless the '--jsx' flag is provided.
apps/admin/src/pages/CatalogPage.tsx(410,39): error TS17004: Cannot use JSX unless the '--jsx' flag is provided.
apps/admin/src/pages/CatalogPage.tsx(411,41): error TS17004: Cannot use JSX unless the '--jsx' flag is provided.
apps/admin/src/pages/CatalogPage.tsx(412,61): error TS17004: Cannot use JSX unless the '--jsx' flag is provided.
apps/admin/src/pages/CatalogPage.tsx(413,41): error TS17004: Cannot use JSX unless the '--jsx' flag is provided.
apps/admin/src/pages/CatalogPage.tsx(419,41): error TS17004: Cannot use JSX unless the '--jsx' flag is provided.
apps/admin/src/pages/CatalogPage.tsx(444,11): error TS17004: Cannot use JSX unless the '--jsx' flag is provided.
apps/admin/src/pages/CatalogPage.tsx(445,13): error TS17004: Cannot use JSX unless the '--jsx' flag is provided.
apps/admin/src/pages/CatalogPage.tsx(446,13): error TS17004: Cannot use JSX unless the '--jsx' flag is provided.
apps/admin/src/pages/CatalogPage.tsx(452,9): error TS17004: Cannot use JSX unless the '--jsx' flag is provided.
apps/admin/src/pages/CatalogPage.tsx(453,11): error TS17004: Cannot use JSX unless the '--jsx' flag is provided.
apps/admin/src/pages/CatalogPage.tsx(454,13): error TS17004: Cannot use JSX unless the '--jsx' flag is provided.
apps/admin/src/pages/CatalogPage.tsx(459,15): error TS17004: Cannot use JSX unless the '--jsx' flag is provided.
apps/admin/src/pages/CatalogPage.tsx(462,13): error TS17004: Cannot use JSX unless the '--jsx' flag is provided.
apps/admin/src/pages/CatalogPage.tsx(464,17): error TS17004: Cannot use JSX unless the '--jsx' flag is provided.
apps/admin/src/pages/CatalogPage.tsx(465,19): error TS17004: Cannot use JSX unless the '--jsx' flag is provided.
apps/admin/src/pages/CatalogPage.tsx(466,21): error TS17004: Cannot use JSX unless the '--jsx' flag is provided.
apps/admin/src/pages/CatalogPage.tsx(467,21): error TS17004: Cannot use JSX unless the '--jsx' flag is provided.
apps/admin/src/pages/CatalogPage.tsx(475,19): error TS17004: Cannot use JSX unless the '--jsx' flag is provided.
apps/admin/src/pages/CatalogPage.tsx(476,21): error TS17004: Cannot use JSX unless the '--jsx' flag is provided.
apps/admin/src/pages/CatalogPage.tsx(477,21): error TS17004: Cannot use JSX unless the '--jsx' flag is provided.
apps/admin/src/pages/CatalogPage.tsx(484,19): error TS17004: Cannot use JSX unless the '--jsx' flag is provided.
apps/admin/src/pages/CatalogPage.tsx(485,21): error TS17004: Cannot use JSX unless the '--jsx' flag is provided.
apps/admin/src/pages/CatalogPage.tsx(486,23): error TS17004: Cannot use JSX unless the '--jsx' flag is provided.
apps/admin/src/pages/CatalogPage.tsx(487,23): error TS17004: Cannot use JSX unless the '--jsx' flag is provided.
apps/admin/src/pages/CatalogPage.tsx(496,21): error TS17004: Cannot use JSX unless the '--jsx' flag is provided.
apps/admin/src/pages/CatalogPage.tsx(497,23): error TS17004: Cannot use JSX unless the '--jsx' flag is provided.
apps/admin/src/pages/CatalogPage.tsx(498,23): error TS17004: Cannot use JSX unless the '--jsx' flag is provided.
apps/admin/src/pages/CatalogPage.tsx(508,15): error TS17004: Cannot use JSX unless the '--jsx' flag is provided.
apps/admin/src/pages/CatalogPage.tsx(509,15): error TS17004: Cannot use JSX unless the '--jsx' flag is provided.
apps/admin/src/pages/CatalogPage.tsx(510,17): error TS17004: Cannot use JSX unless the '--jsx' flag is provided.
apps/admin/src/pages/CatalogPage.tsx(511,17): error TS17004: Cannot use JSX unless the '--jsx' flag is provided.
apps/admin/src/pages/CatalogPage.tsx(520,15): error TS17004: Cannot use JSX unless the '--jsx' flag is provided.
apps/admin/src/pages/CatalogPage.tsx(521,17): error TS17004: Cannot use JSX unless the '--jsx' flag is provided.
apps/admin/src/pages/CatalogPage.tsx(522,17): error TS17004: Cannot use JSX unless the '--jsx' flag is provided.
apps/admin/src/pages/CatalogPage.tsx(531,17): error TS17004: Cannot use JSX unless the '--jsx' flag is provided.
apps/admin/src/pages/CatalogPage.tsx(532,19): error TS17004: Cannot use JSX unless the '--jsx' flag is provided.
apps/admin/src/pages/CatalogPage.tsx(533,19): error TS17004: Cannot use JSX unless the '--jsx' flag is provided.
apps/admin/src/pages/CatalogPage.tsx(544,17): error TS17004: Cannot use JSX unless the '--jsx' flag is provided.
apps/admin/src/pages/CatalogPage.tsx(545,19): error TS17004: Cannot use JSX unless the '--jsx' flag is provided.
apps/admin/src/pages/CatalogPage.tsx(546,21): error TS17004: Cannot use JSX unless the '--jsx' flag is provided.
apps/admin/src/pages/CatalogPage.tsx(547,23): error TS17004: Cannot use JSX unless the '--jsx' flag is provided.
apps/admin/src/pages/CatalogPage.tsx(548,23): error TS17004: Cannot use JSX unless the '--jsx' flag is provided.
apps/admin/src/pages/CatalogPage.tsx(553,25): error TS17004: Cannot use JSX unless the '--jsx' flag is provided.
apps/admin/src/pages/CatalogPage.tsx(554,25): error TS17004: Cannot use JSX unless the '--jsx' flag is provided.
apps/admin/src/pages/CatalogPage.tsx(555,25): error TS17004: Cannot use JSX unless the '--jsx' flag is provided.
apps/admin/src/pages/CatalogPage.tsx(556,25): error TS17004: Cannot use JSX unless the '--jsx' flag is provided.
apps/admin/src/pages/CatalogPage.tsx(559,21): error TS17004: Cannot use JSX unless the '--jsx' flag is provided.
apps/admin/src/pages/CatalogPage.tsx(560,23): error TS17004: Cannot use JSX unless the '--jsx' flag is provided.
apps/admin/src/pages/CatalogPage.tsx(561,23): error TS17004: Cannot use JSX unless the '--jsx' flag is provided.
apps/admin/src/pages/CatalogPage.tsx(572,19): error TS17004: Cannot use JSX unless the '--jsx' flag is provided.
apps/admin/src/pages/CatalogPage.tsx(573,21): error TS17004: Cannot use JSX unless the '--jsx' flag is provided.
apps/admin/src/pages/CatalogPage.tsx(574,23): error TS17004: Cannot use JSX unless the '--jsx' flag is provided.
apps/admin/src/pages/CatalogPage.tsx(575,23): error TS17004: Cannot use JSX unless the '--jsx' flag is provided.
apps/admin/src/pages/CatalogPage.tsx(584,21): error TS17004: Cannot use JSX unless the '--jsx' flag is provided.
apps/admin/src/pages/CatalogPage.tsx(585,23): error TS17004: Cannot use JSX unless the '--jsx' flag is provided.
apps/admin/src/pages/CatalogPage.tsx(586,23): error TS17004: Cannot use JSX unless the '--jsx' flag is provided.
apps/admin/src/pages/CatalogPage.tsx(597,19): error TS17004: Cannot use JSX unless the '--jsx' flag is provided.
apps/admin/src/pages/CatalogPage.tsx(598,21): error TS17004: Cannot use JSX unless the '--jsx' flag is provided.
apps/admin/src/pages/CatalogPage.tsx(599,21): error TS17004: Cannot use JSX unless the '--jsx' flag is provided.
apps/admin/src/pages/CatalogPage.tsx(610,15): error TS17004: Cannot use JSX unless the '--jsx' flag is provided.
apps/admin/src/pages/CatalogPage.tsx(611,17): error TS17004: Cannot use JSX unless the '--jsx' flag is provided.
apps/admin/src/pages/CatalogPage.tsx(612,17): error TS17004: Cannot use JSX unless the '--jsx' flag is provided.
apps/admin/src/pages/CatalogPage.tsx(622,15): error TS17004: Cannot use JSX unless the '--jsx' flag is provided.
apps/admin/src/pages/CatalogPage.tsx(623,17): error TS17004: Cannot use JSX unless the '--jsx' flag is provided.
apps/admin/src/pages/CatalogPage.tsx(630,17): error TS17004: Cannot use JSX unless the '--jsx' flag is provided.
apps/admin/src/pages/CustomersPage.tsx(3,17): error TS2307: Cannot find module '@/lib/api' or its corresponding type declarations.
apps/admin/src/pages/CustomersPage.tsx(4,32): error TS2307: Cannot find module '@/lib/format' or its corresponding type declarations.
apps/admin/src/pages/CustomersPage.tsx(5,59): error TS2307: Cannot find module '@/components/ui' or its corresponding type declarations.
apps/admin/src/pages/CustomersPage.tsx(6,29): error TS2307: Cannot find module '@/config/admin.config' or its corresponding type declarations.
apps/admin/src/pages/CustomersPage.tsx(54,16): error TS7006: Parameter 'r' implicitly has an 'any' type.
apps/admin/src/pages/CustomersPage.tsx(55,9): error TS17004: Cannot use JSX unless the '--jsx' flag is provided.
apps/admin/src/pages/CustomersPage.tsx(56,11): error TS17004: Cannot use JSX unless the '--jsx' flag is provided.
apps/admin/src/pages/CustomersPage.tsx(59,11): error TS17004: Cannot use JSX unless the '--jsx' flag is provided.
apps/admin/src/pages/CustomersPage.tsx(66,16): error TS7006: Parameter 'r' implicitly has an 'any' type.
apps/admin/src/pages/CustomersPage.tsx(67,9): error TS17004: Cannot use JSX unless the '--jsx' flag is provided.
apps/admin/src/pages/CustomersPage.tsx(73,16): error TS7006: Parameter 'r' implicitly has an 'any' type.
apps/admin/src/pages/CustomersPage.tsx(74,9): error TS17004: Cannot use JSX unless the '--jsx' flag is provided.
apps/admin/src/pages/CustomersPage.tsx(80,16): error TS7006: Parameter 'r' implicitly has an 'any' type.
apps/admin/src/pages/CustomersPage.tsx(80,22): error TS17004: Cannot use JSX unless the '--jsx' flag is provided.
apps/admin/src/pages/CustomersPage.tsx(85,16): error TS7006: Parameter 'r' implicitly has an 'any' type.
apps/admin/src/pages/CustomersPage.tsx(86,9): error TS17004: Cannot use JSX unless the '--jsx' flag is provided.
apps/admin/src/pages/CustomersPage.tsx(94,16): error TS7006: Parameter 'r' implicitly has an 'any' type.
apps/admin/src/pages/CustomersPage.tsx(95,9): error TS17004: Cannot use JSX unless the '--jsx' flag is provided.
apps/admin/src/pages/CustomersPage.tsx(103,5): error TS17004: Cannot use JSX unless the '--jsx' flag is provided.
apps/admin/src/pages/CustomersPage.tsx(104,7): error TS17004: Cannot use JSX unless the '--jsx' flag is provided.
apps/admin/src/pages/CustomersPage.tsx(105,9): error TS17004: Cannot use JSX unless the '--jsx' flag is provided.
apps/admin/src/pages/CustomersPage.tsx(106,9): error TS17004: Cannot use JSX unless the '--jsx' flag is provided.
apps/admin/src/pages/CustomersPage.tsx(111,7): error TS17004: Cannot use JSX unless the '--jsx' flag is provided.
apps/admin/src/pages/CustomersPage.tsx(112,9): error TS17004: Cannot use JSX unless the '--jsx' flag is provided.
apps/admin/src/pages/CustomersPage.tsx(113,11): error TS17004: Cannot use JSX unless the '--jsx' flag is provided.
apps/admin/src/pages/CustomersPage.tsx(120,11): error TS17004: Cannot use JSX unless the '--jsx' flag is provided.
apps/admin/src/pages/CustomersPage.tsx(124,9): error TS17004: Cannot use JSX unless the '--jsx' flag is provided.
apps/admin/src/pages/CustomersPage.tsx(129,11): error TS17004: Cannot use JSX unless the '--jsx' flag is provided.
apps/admin/src/pages/CustomersPage.tsx(130,11): error TS17004: Cannot use JSX unless the '--jsx' flag is provided.
apps/admin/src/pages/CustomersPage.tsx(131,11): error TS17004: Cannot use JSX unless the '--jsx' flag is provided.
apps/admin/src/pages/CustomersPage.tsx(135,19): error TS17004: Cannot use JSX unless the '--jsx' flag is provided.
apps/admin/src/pages/CustomersPage.tsx(137,7): error TS17004: Cannot use JSX unless the '--jsx' flag is provided.
apps/admin/src/pages/CustomersPage.tsx(137,75): error TS7006: Parameter 'r' implicitly has an 'any' type.
apps/admin/src/pages/CustomersPage.tsx(140,9): error TS17004: Cannot use JSX unless the '--jsx' flag is provided.
apps/admin/src/pages/DashboardPage.tsx(3,17): error TS2307: Cannot find module '@/lib/api' or its corresponding type declarations.
apps/admin/src/pages/DashboardPage.tsx(4,32): error TS2307: Cannot find module '@/lib/format' or its corresponding type declarations.
apps/admin/src/pages/DashboardPage.tsx(5,25): error TS2307: Cannot find module '@/components/ui' or its corresponding type declarations.
apps/admin/src/pages/DashboardPage.tsx(37,7): error TS17004: Cannot use JSX unless the '--jsx' flag is provided.
apps/admin/src/pages/DashboardPage.tsx(38,9): error TS17004: Cannot use JSX unless the '--jsx' flag is provided.
apps/admin/src/pages/DashboardPage.tsx(45,7): error TS17004: Cannot use JSX unless the '--jsx' flag is provided.
apps/admin/src/pages/DashboardPage.tsx(46,9): error TS17004: Cannot use JSX unless the '--jsx' flag is provided.
apps/admin/src/pages/DashboardPage.tsx(47,9): error TS17004: Cannot use JSX unless the '--jsx' flag is provided.
apps/admin/src/pages/DashboardPage.tsx(48,9): error TS17004: Cannot use JSX unless the '--jsx' flag is provided.
apps/admin/src/pages/DashboardPage.tsx(59,5): error TS17004: Cannot use JSX unless the '--jsx' flag is provided.
apps/admin/src/pages/DashboardPage.tsx(60,7): error TS17004: Cannot use JSX unless the '--jsx' flag is provided.
apps/admin/src/pages/DashboardPage.tsx(61,9): error TS17004: Cannot use JSX unless the '--jsx' flag is provided.
apps/admin/src/pages/DashboardPage.tsx(62,9): error TS17004: Cannot use JSX unless the '--jsx' flag is provided.
apps/admin/src/pages/DashboardPage.tsx(65,7): error TS17004: Cannot use JSX unless the '--jsx' flag is provided.
apps/admin/src/pages/DashboardPage.tsx(66,9): error TS17004: Cannot use JSX unless the '--jsx' flag is provided.
apps/admin/src/pages/DashboardPage.tsx(67,9): error TS17004: Cannot use JSX unless the '--jsx' flag is provided.
apps/admin/src/pages/DashboardPage.tsx(68,9): error TS17004: Cannot use JSX unless the '--jsx' flag is provided.
apps/admin/src/pages/DashboardPage.tsx(69,9): error TS17004: Cannot use JSX unless the '--jsx' flag is provided.
apps/admin/src/pages/DashboardPage.tsx(72,7): error TS17004: Cannot use JSX unless the '--jsx' flag is provided.
apps/admin/src/pages/DashboardPage.tsx(73,9): error TS17004: Cannot use JSX unless the '--jsx' flag is provided.
apps/admin/src/pages/DashboardPage.tsx(74,9): error TS17004: Cannot use JSX unless the '--jsx' flag is provided.
apps/admin/src/pages/DashboardPage.tsx(75,9): error TS17004: Cannot use JSX unless the '--jsx' flag is provided.
apps/admin/src/pages/DashboardPage.tsx(76,9): error TS17004: Cannot use JSX unless the '--jsx' flag is provided.
apps/admin/src/pages/DashboardPage.tsx(79,7): error TS17004: Cannot use JSX unless the '--jsx' flag is provided.
apps/admin/src/pages/DashboardPage.tsx(80,9): error TS17004: Cannot use JSX unless the '--jsx' flag is provided.
apps/admin/src/pages/DashboardPage.tsx(81,11): error TS17004: Cannot use JSX unless the '--jsx' flag is provided.
apps/admin/src/pages/DashboardPage.tsx(82,11): error TS17004: Cannot use JSX unless the '--jsx' flag is provided.
apps/admin/src/pages/DashboardPage.tsx(85,11): error TS17004: Cannot use JSX unless the '--jsx' flag is provided.
apps/admin/src/pages/DashboardPage.tsx(88,9): error TS17004: Cannot use JSX unless the '--jsx' flag is provided.
apps/admin/src/pages/DashboardPage.tsx(89,11): error TS17004: Cannot use JSX unless the '--jsx' flag is provided.
apps/admin/src/pages/DashboardPage.tsx(90,11): error TS17004: Cannot use JSX unless the '--jsx' flag is provided.
apps/admin/src/pages/DashboardPage.tsx(93,11): error TS17004: Cannot use JSX unless the '--jsx' flag is provided.
apps/admin/src/pages/DashboardPage.tsx(96,9): error TS17004: Cannot use JSX unless the '--jsx' flag is provided.
apps/admin/src/pages/DashboardPage.tsx(97,11): error TS17004: Cannot use JSX unless the '--jsx' flag is provided.
apps/admin/src/pages/DashboardPage.tsx(98,11): error TS17004: Cannot use JSX unless the '--jsx' flag is provided.
apps/admin/src/pages/DashboardPage.tsx(101,11): error TS17004: Cannot use JSX unless the '--jsx' flag is provided.
apps/admin/src/pages/DisputesPage.tsx(3,29): error TS2307: Cannot find module '@/config/admin.config' or its corresponding type declarations.
apps/admin/src/pages/DisputesPage.tsx(4,38): error TS2307: Cannot find module '@/lib/api' or its corresponding type declarations.
apps/admin/src/pages/DisputesPage.tsx(5,32): error TS2307: Cannot find module '@/lib/format' or its corresponding type declarations.
apps/admin/src/pages/DisputesPage.tsx(6,59): error TS2307: Cannot find module '@/components/ui' or its corresponding type declarations.
apps/admin/src/pages/DisputesPage.tsx(133,16): error TS7006: Parameter 'r' implicitly has an 'any' type.
apps/admin/src/pages/DisputesPage.tsx(134,9): error TS17004: Cannot use JSX unless the '--jsx' flag is provided.
apps/admin/src/pages/DisputesPage.tsx(140,16): error TS7006: Parameter 'r' implicitly has an 'any' type.
apps/admin/src/pages/DisputesPage.tsx(141,9): error TS17004: Cannot use JSX unless the '--jsx' flag is provided.
apps/admin/src/pages/DisputesPage.tsx(147,16): error TS7006: Parameter 'r' implicitly has an 'any' type.
apps/admin/src/pages/DisputesPage.tsx(148,9): error TS17004: Cannot use JSX unless the '--jsx' flag is provided.
apps/admin/src/pages/DisputesPage.tsx(154,16): error TS7006: Parameter 'r' implicitly has an 'any' type.
apps/admin/src/pages/DisputesPage.tsx(155,9): error TS17004: Cannot use JSX unless the '--jsx' flag is provided.
apps/admin/src/pages/DisputesPage.tsx(161,16): error TS7006: Parameter 'r' implicitly has an 'any' type.
apps/admin/src/pages/DisputesPage.tsx(162,9): error TS17004: Cannot use JSX unless the '--jsx' flag is provided.
apps/admin/src/pages/DisputesPage.tsx(170,16): error TS7006: Parameter 'r' implicitly has an 'any' type.
apps/admin/src/pages/DisputesPage.tsx(171,9): error TS17004: Cannot use JSX unless the '--jsx' flag is provided.
apps/admin/src/pages/DisputesPage.tsx(179,16): error TS7006: Parameter 'r' implicitly has an 'any' type.
apps/admin/src/pages/DisputesPage.tsx(180,9): error TS17004: Cannot use JSX unless the '--jsx' flag is provided.
apps/admin/src/pages/DisputesPage.tsx(182,13): error TS17004: Cannot use JSX unless the '--jsx' flag is provided.
apps/admin/src/pages/DisputesPage.tsx(183,15): error TS17004: Cannot use JSX unless the '--jsx' flag is provided.
apps/admin/src/pages/DisputesPage.tsx(190,17): error TS17004: Cannot use JSX unless the '--jsx' flag is provided.
apps/admin/src/pages/DisputesPage.tsx(205,5): error TS17004: Cannot use JSX unless the '--jsx' flag is provided.
apps/admin/src/pages/DisputesPage.tsx(206,7): error TS17004: Cannot use JSX unless the '--jsx' flag is provided.
apps/admin/src/pages/DisputesPage.tsx(207,9): error TS17004: Cannot use JSX unless the '--jsx' flag is provided.
apps/admin/src/pages/DisputesPage.tsx(208,9): error TS17004: Cannot use JSX unless the '--jsx' flag is provided.
apps/admin/src/pages/DisputesPage.tsx(213,7): error TS17004: Cannot use JSX unless the '--jsx' flag is provided.
apps/admin/src/pages/DisputesPage.tsx(214,9): error TS17004: Cannot use JSX unless the '--jsx' flag is provided.
apps/admin/src/pages/DisputesPage.tsx(215,11): error TS17004: Cannot use JSX unless the '--jsx' flag is provided.
apps/admin/src/pages/DisputesPage.tsx(222,11): error TS17004: Cannot use JSX unless the '--jsx' flag is provided.
apps/admin/src/pages/DisputesPage.tsx(226,9): error TS17004: Cannot use JSX unless the '--jsx' flag is provided.
apps/admin/src/pages/DisputesPage.tsx(231,11): error TS17004: Cannot use JSX unless the '--jsx' flag is provided.
apps/admin/src/pages/DisputesPage.tsx(232,11): error TS17004: Cannot use JSX unless the '--jsx' flag is provided.
apps/admin/src/pages/DisputesPage.tsx(233,11): error TS17004: Cannot use JSX unless the '--jsx' flag is provided.
apps/admin/src/pages/DisputesPage.tsx(234,11): error TS17004: Cannot use JSX unless the '--jsx' flag is provided.
apps/admin/src/pages/DisputesPage.tsx(235,11): error TS17004: Cannot use JSX unless the '--jsx' flag is provided.
apps/admin/src/pages/DisputesPage.tsx(237,9): error TS17004: Cannot use JSX unless the '--jsx' flag is provided.
apps/admin/src/pages/DisputesPage.tsx(242,11): error TS17004: Cannot use JSX unless the '--jsx' flag is provided.
apps/admin/src/pages/DisputesPage.tsx(243,11): error TS17004: Cannot use JSX unless the '--jsx' flag is provided.
apps/admin/src/pages/DisputesPage.tsx(244,11): error TS17004: Cannot use JSX unless the '--jsx' flag is provided.
apps/admin/src/pages/DisputesPage.tsx(245,11): error TS17004: Cannot use JSX unless the '--jsx' flag is provided.
apps/admin/src/pages/DisputesPage.tsx(249,19): error TS17004: Cannot use JSX unless the '--jsx' flag is provided.
apps/admin/src/pages/DisputesPage.tsx(251,7): error TS17004: Cannot use JSX unless the '--jsx' flag is provided.
apps/admin/src/pages/DisputesPage.tsx(251,75): error TS7006: Parameter 'r' implicitly has an 'any' type.
apps/admin/src/pages/DisputesPage.tsx(254,9): error TS17004: Cannot use JSX unless the '--jsx' flag is provided.
apps/admin/src/pages/DisputesPage.tsx(258,9): error TS17004: Cannot use JSX unless the '--jsx' flag is provided.
apps/admin/src/pages/DisputesPage.tsx(259,11): error TS17004: Cannot use JSX unless the '--jsx' flag is provided.
apps/admin/src/pages/DisputesPage.tsx(260,13): error TS17004: Cannot use JSX unless the '--jsx' flag is provided.
apps/admin/src/pages/DisputesPage.tsx(263,13): error TS17004: Cannot use JSX unless the '--jsx' flag is provided.
apps/admin/src/pages/DisputesPage.tsx(267,13): error TS17004: Cannot use JSX unless the '--jsx' flag is provided.
apps/admin/src/pages/DisputesPage.tsx(268,15): error TS17004: Cannot use JSX unless the '--jsx' flag is provided.
apps/admin/src/pages/DisputesPage.tsx(270,17): error TS17004: Cannot use JSX unless the '--jsx' flag is provided.
apps/admin/src/pages/DisputesPage.tsx(271,19): error TS17004: Cannot use JSX unless the '--jsx' flag is provided.
apps/admin/src/pages/DisputesPage.tsx(272,19): error TS17004: Cannot use JSX unless the '--jsx' flag is provided.
apps/admin/src/pages/DisputesPage.tsx(278,15): error TS17004: Cannot use JSX unless the '--jsx' flag is provided.
apps/admin/src/pages/DisputesPage.tsx(284,15): error TS17004: Cannot use JSX unless the '--jsx' flag is provided.
apps/admin/src/pages/DisputesPage.tsx(285,17): error TS17004: Cannot use JSX unless the '--jsx' flag is provided.
apps/admin/src/pages/DisputesPage.tsx(286,19): error TS17004: Cannot use JSX unless the '--jsx' flag is provided.
apps/admin/src/pages/DisputesPage.tsx(287,19): error TS17004: Cannot use JSX unless the '--jsx' flag is provided.
apps/admin/src/pages/DisputesPage.tsx(292,21): error TS17004: Cannot use JSX unless the '--jsx' flag is provided.
apps/admin/src/pages/DisputesPage.tsx(293,21): error TS17004: Cannot use JSX unless the '--jsx' flag is provided.
apps/admin/src/pages/DisputesPage.tsx(294,21): error TS17004: Cannot use JSX unless the '--jsx' flag is provided.
apps/admin/src/pages/DisputesPage.tsx(295,21): error TS17004: Cannot use JSX unless the '--jsx' flag is provided.
apps/admin/src/pages/DisputesPage.tsx(296,21): error TS17004: Cannot use JSX unless the '--jsx' flag is provided.
apps/admin/src/pages/DisputesPage.tsx(297,21): error TS17004: Cannot use JSX unless the '--jsx' flag is provided.
apps/admin/src/pages/DisputesPage.tsx(298,21): error TS17004: Cannot use JSX unless the '--jsx' flag is provided.
apps/admin/src/pages/DisputesPage.tsx(299,21): error TS17004: Cannot use JSX unless the '--jsx' flag is provided.
apps/admin/src/pages/DisputesPage.tsx(304,19): error TS17004: Cannot use JSX unless the '--jsx' flag is provided.
apps/admin/src/pages/DisputesPage.tsx(305,21): error TS17004: Cannot use JSX unless the '--jsx' flag is provided.
apps/admin/src/pages/DisputesPage.tsx(306,21): error TS17004: Cannot use JSX unless the '--jsx' flag is provided.
apps/admin/src/pages/DisputesPage.tsx(320,13): error TS17004: Cannot use JSX unless the '--jsx' flag is provided.
apps/admin/src/pages/DisputesPage.tsx(321,15): error TS17004: Cannot use JSX unless the '--jsx' flag is provided.
apps/admin/src/pages/DisputesPage.tsx(324,15): error TS17004: Cannot use JSX unless the '--jsx' flag is provided.
apps/admin/src/pages/DisputesPage.tsx(334,15): error TS17004: Cannot use JSX unless the '--jsx' flag is provided.
apps/admin/src/pages/DisputesPage.tsx(335,17): error TS17004: Cannot use JSX unless the '--jsx' flag is provided.
apps/admin/src/pages/DisputesPage.tsx(336,17): error TS17004: Cannot use JSX unless the '--jsx' flag is provided.
apps/admin/src/pages/DisputesPage.tsx(346,13): error TS17004: Cannot use JSX unless the '--jsx' flag is provided.
apps/admin/src/pages/DisputesPage.tsx(347,15): error TS17004: Cannot use JSX unless the '--jsx' flag is provided.
apps/admin/src/pages/DisputesPage.tsx(353,15): error TS17004: Cannot use JSX unless the '--jsx' flag is provided.
apps/admin/src/pages/FinancialsPage.tsx(3,17): error TS2307: Cannot find module '@/lib/api' or its corresponding type declarations.
apps/admin/src/pages/FinancialsPage.tsx(4,32): error TS2307: Cannot find module '@/lib/format' or its corresponding type declarations.
apps/admin/src/pages/FinancialsPage.tsx(5,32): error TS2307: Cannot find module '@/components/ui' or its corresponding type declarations.
apps/admin/src/pages/FinancialsPage.tsx(36,7): error TS17004: Cannot use JSX unless the '--jsx' flag is provided.
apps/admin/src/pages/FinancialsPage.tsx(45,5): error TS17004: Cannot use JSX unless the '--jsx' flag is provided.
apps/admin/src/pages/FinancialsPage.tsx(46,7): error TS17004: Cannot use JSX unless the '--jsx' flag is provided.
apps/admin/src/pages/FinancialsPage.tsx(57,13): error TS17004: Cannot use JSX unless the '--jsx' flag is provided.
apps/admin/src/pages/FinancialsPage.tsx(58,15): error TS17004: Cannot use JSX unless the '--jsx' flag is provided.
apps/admin/src/pages/FinancialsPage.tsx(59,17): error TS17004: Cannot use JSX unless the '--jsx' flag is provided.
apps/admin/src/pages/FinancialsPage.tsx(64,17): error TS17004: Cannot use JSX unless the '--jsx' flag is provided.
apps/admin/src/pages/FinancialsPage.tsx(70,15): error TS17004: Cannot use JSX unless the '--jsx' flag is provided.
apps/admin/src/pages/FinancialsPage.tsx(77,7): error TS17004: Cannot use JSX unless the '--jsx' flag is provided.
apps/admin/src/pages/FinancialsPage.tsx(78,9): error TS17004: Cannot use JSX unless the '--jsx' flag is provided.
apps/admin/src/pages/FinancialsPage.tsx(78,51): error TS17004: Cannot use JSX unless the '--jsx' flag is provided.
apps/admin/src/pages/FinancialsPage.tsx(79,9): error TS17004: Cannot use JSX unless the '--jsx' flag is provided.
apps/admin/src/pages/FinancialsPage.tsx(79,51): error TS17004: Cannot use JSX unless the '--jsx' flag is provided.
apps/admin/src/pages/FinancialsPage.tsx(108,52): error TS7006: Parameter 's' implicitly has an 'any' type.
apps/admin/src/pages/FinancialsPage.tsx(108,55): error TS7006: Parameter 'r' implicitly has an 'any' type.
apps/admin/src/pages/FinancialsPage.tsx(109,52): error TS7006: Parameter 's' implicitly has an 'any' type.
apps/admin/src/pages/FinancialsPage.tsx(109,55): error TS7006: Parameter 'r' implicitly has an 'any' type.
apps/admin/src/pages/FinancialsPage.tsx(110,53): error TS7006: Parameter 's' implicitly has an 'any' type.
apps/admin/src/pages/FinancialsPage.tsx(110,56): error TS7006: Parameter 'r' implicitly has an 'any' type.
apps/admin/src/pages/FinancialsPage.tsx(114,5): error TS17004: Cannot use JSX unless the '--jsx' flag is provided.
apps/admin/src/pages/FinancialsPage.tsx(115,7): error TS17004: Cannot use JSX unless the '--jsx' flag is provided.
apps/admin/src/pages/FinancialsPage.tsx(116,9): error TS17004: Cannot use JSX unless the '--jsx' flag is provided.
apps/admin/src/pages/FinancialsPage.tsx(117,9): error TS17004: Cannot use JSX unless the '--jsx' flag is provided.
apps/admin/src/pages/FinancialsPage.tsx(123,9): error TS17004: Cannot use JSX unless the '--jsx' flag is provided.
apps/admin/src/pages/FinancialsPage.tsx(127,7): error TS17004: Cannot use JSX unless the '--jsx' flag is provided.
apps/admin/src/pages/FinancialsPage.tsx(130,13): error TS17004: Cannot use JSX unless the '--jsx' flag is provided.
apps/admin/src/pages/FinancialsPage.tsx(131,15): error TS17004: Cannot use JSX unless the '--jsx' flag is provided.
apps/admin/src/pages/FinancialsPage.tsx(132,15): error TS17004: Cannot use JSX unless the '--jsx' flag is provided.
apps/admin/src/pages/FinancialsPage.tsx(136,11): error TS17004: Cannot use JSX unless the '--jsx' flag is provided.
apps/admin/src/pages/FinancialsPage.tsx(137,13): error TS17004: Cannot use JSX unless the '--jsx' flag is provided.
apps/admin/src/pages/FinancialsPage.tsx(142,13): error TS17004: Cannot use JSX unless the '--jsx' flag is provided.
apps/admin/src/pages/FinancialsPage.tsx(147,13): error TS17004: Cannot use JSX unless the '--jsx' flag is provided.
apps/admin/src/pages/FinancialsPage.tsx(152,13): error TS17004: Cannot use JSX unless the '--jsx' flag is provided.
apps/admin/src/pages/FinancialsPage.tsx(162,9): error TS17004: Cannot use JSX unless the '--jsx' flag is provided.
apps/admin/src/pages/FinancialsPage.tsx(167,7): error TS17004: Cannot use JSX unless the '--jsx' flag is provided.
apps/admin/src/pages/FinancialsPage.tsx(168,9): error TS17004: Cannot use JSX unless the '--jsx' flag is provided.
apps/admin/src/pages/FinancialsPage.tsx(169,11): error TS17004: Cannot use JSX unless the '--jsx' flag is provided.
apps/admin/src/pages/FinancialsPage.tsx(170,11): error TS17004: Cannot use JSX unless the '--jsx' flag is provided.
apps/admin/src/pages/FinancialsPage.tsx(171,13): error TS17004: Cannot use JSX unless the '--jsx' flag is provided.
apps/admin/src/pages/FinancialsPage.tsx(176,15): error TS17004: Cannot use JSX unless the '--jsx' flag is provided.
apps/admin/src/pages/FinancialsPage.tsx(177,15): error TS17004: Cannot use JSX unless the '--jsx' flag is provided.
apps/admin/src/pages/FinancialsPage.tsx(178,15): error TS17004: Cannot use JSX unless the '--jsx' flag is provided.
apps/admin/src/pages/FinancialsPage.tsx(180,13): error TS17004: Cannot use JSX unless the '--jsx' flag is provided.
apps/admin/src/pages/FinancialsPage.tsx(185,15): error TS17004: Cannot use JSX unless the '--jsx' flag is provided.
apps/admin/src/pages/FinancialsPage.tsx(186,15): error TS17004: Cannot use JSX unless the '--jsx' flag is provided.
apps/admin/src/pages/FinancialsPage.tsx(187,15): error TS17004: Cannot use JSX unless the '--jsx' flag is provided.
apps/admin/src/pages/FinancialsPage.tsx(188,15): error TS17004: Cannot use JSX unless the '--jsx' flag is provided.
apps/admin/src/pages/FinancialsPage.tsx(189,15): error TS17004: Cannot use JSX unless the '--jsx' flag is provided.
apps/admin/src/pages/FinancialsPage.tsx(195,11): error TS17004: Cannot use JSX unless the '--jsx' flag is provided.
apps/admin/src/pages/FinancialsPage.tsx(197,11): error TS17004: Cannot use JSX unless the '--jsx' flag is provided.
apps/admin/src/pages/FinancialsPage.tsx(200,9): error TS17004: Cannot use JSX unless the '--jsx' flag is provided.
apps/admin/src/pages/FinancialsPage.tsx(201,11): error TS17004: Cannot use JSX unless the '--jsx' flag is provided.
apps/admin/src/pages/FinancialsPage.tsx(202,13): error TS17004: Cannot use JSX unless the '--jsx' flag is provided.
apps/admin/src/pages/FinancialsPage.tsx(203,13): error TS17004: Cannot use JSX unless the '--jsx' flag is provided.
apps/admin/src/pages/FinancialsPage.tsx(205,11): error TS17004: Cannot use JSX unless the '--jsx' flag is provided.
apps/admin/src/pages/FinancialsPage.tsx(206,13): error TS17004: Cannot use JSX unless the '--jsx' flag is provided.
apps/admin/src/pages/FinancialsPage.tsx(207,13): error TS17004: Cannot use JSX unless the '--jsx' flag is provided.
apps/admin/src/pages/FinancialsPage.tsx(209,11): error TS17004: Cannot use JSX unless the '--jsx' flag is provided.
apps/admin/src/pages/FinancialsPage.tsx(210,13): error TS17004: Cannot use JSX unless the '--jsx' flag is provided.
apps/admin/src/pages/FinancialsPage.tsx(211,13): error TS17004: Cannot use JSX unless the '--jsx' flag is provided.
apps/admin/src/pages/FinancialsPage.tsx(213,11): error TS17004: Cannot use JSX unless the '--jsx' flag is provided.
apps/admin/src/pages/FinancialsPage.tsx(214,13): error TS17004: Cannot use JSX unless the '--jsx' flag is provided.
apps/admin/src/pages/FinancialsPage.tsx(215,13): error TS17004: Cannot use JSX unless the '--jsx' flag is provided.
apps/admin/src/pages/FinancialsPage.tsx(221,9): error TS17004: Cannot use JSX unless the '--jsx' flag is provided.
apps/admin/src/pages/FinancialsPage.tsx(222,11): error TS17004: Cannot use JSX unless the '--jsx' flag is provided.
apps/admin/src/pages/FinancialsPage.tsx(223,11): error TS17004: Cannot use JSX unless the '--jsx' flag is provided.
apps/admin/src/pages/FinancialsPage.tsx(224,13): error TS17004: Cannot use JSX unless the '--jsx' flag is provided.
apps/admin/src/pages/FinancialsPage.tsx(225,15): error TS17004: Cannot use JSX unless the '--jsx' flag is provided.
apps/admin/src/pages/FinancialsPage.tsx(226,17): error TS17004: Cannot use JSX unless the '--jsx' flag is provided.
apps/admin/src/pages/FinancialsPage.tsx(227,19): error TS17004: Cannot use JSX unless the '--jsx' flag is provided.
apps/admin/src/pages/FinancialsPage.tsx(228,19): error TS17004: Cannot use JSX unless the '--jsx' flag is provided.
apps/admin/src/pages/FinancialsPage.tsx(229,19): error TS17004: Cannot use JSX unless the '--jsx' flag is provided.
apps/admin/src/pages/FinancialsPage.tsx(230,19): error TS17004: Cannot use JSX unless the '--jsx' flag is provided.
apps/admin/src/pages/FinancialsPage.tsx(231,19): error TS17004: Cannot use JSX unless the '--jsx' flag is provided.
apps/admin/src/pages/FinancialsPage.tsx(232,19): error TS17004: Cannot use JSX unless the '--jsx' flag is provided.
apps/admin/src/pages/FinancialsPage.tsx(235,15): error TS17004: Cannot use JSX unless the '--jsx' flag is provided.
apps/admin/src/pages/FinancialsPage.tsx(236,36): error TS7006: Parameter 'row' implicitly has an 'any' type.
apps/admin/src/pages/FinancialsPage.tsx(239,21): error TS17004: Cannot use JSX unless the '--jsx' flag is provided.
apps/admin/src/pages/FinancialsPage.tsx(240,23): error TS17004: Cannot use JSX unless the '--jsx' flag is provided.
apps/admin/src/pages/FinancialsPage.tsx(243,23): error TS17004: Cannot use JSX unless the '--jsx' flag is provided.
apps/admin/src/pages/FinancialsPage.tsx(244,23): error TS17004: Cannot use JSX unless the '--jsx' flag is provided.
apps/admin/src/pages/FinancialsPage.tsx(245,23): error TS17004: Cannot use JSX unless the '--jsx' flag is provided.
apps/admin/src/pages/FinancialsPage.tsx(246,23): error TS17004: Cannot use JSX unless the '--jsx' flag is provided.
apps/admin/src/pages/FinancialsPage.tsx(247,23): error TS17004: Cannot use JSX unless the '--jsx' flag is provided.
apps/admin/src/pages/FinancialsPage.tsx(248,25): error TS17004: Cannot use JSX unless the '--jsx' flag is provided.
apps/admin/src/pages/LoginPage.tsx(3,46): error TS2307: Cannot find module '@/stores/auth.store' or its corresponding type declarations.
apps/admin/src/pages/LoginPage.tsx(4,38): error TS2307: Cannot find module '@/lib/api' or its corresponding type declarations.
apps/admin/src/pages/LoginPage.tsx(21,12): error TS17004: Cannot use JSX unless the '--jsx' flag is provided.
apps/admin/src/pages/LoginPage.tsx(92,7): error TS17004: Cannot use JSX unless the '--jsx' flag is provided.
apps/admin/src/pages/LoginPage.tsx(93,9): error TS17004: Cannot use JSX unless the '--jsx' flag is provided.
apps/admin/src/pages/LoginPage.tsx(94,11): error TS17004: Cannot use JSX unless the '--jsx' flag is provided.
apps/admin/src/pages/LoginPage.tsx(95,13): error TS17004: Cannot use JSX unless the '--jsx' flag is provided.
apps/admin/src/pages/LoginPage.tsx(96,15): error TS17004: Cannot use JSX unless the '--jsx' flag is provided.
apps/admin/src/pages/LoginPage.tsx(98,13): error TS17004: Cannot use JSX unless the '--jsx' flag is provided.
apps/admin/src/pages/LoginPage.tsx(101,11): error TS17004: Cannot use JSX unless the '--jsx' flag is provided.
apps/admin/src/pages/LoginPage.tsx(105,13): error TS17004: Cannot use JSX unless the '--jsx' flag is provided.
apps/admin/src/pages/LoginPage.tsx(106,13): error TS17004: Cannot use JSX unless the '--jsx' flag is provided.
apps/admin/src/pages/LoginPage.tsx(111,15): error TS17004: Cannot use JSX unless the '--jsx' flag is provided.
apps/admin/src/pages/LoginPage.tsx(116,13): error TS17004: Cannot use JSX unless the '--jsx' flag is provided.
apps/admin/src/pages/LoginPage.tsx(117,15): error TS17004: Cannot use JSX unless the '--jsx' flag is provided.
apps/admin/src/pages/LoginPage.tsx(118,15): error TS17004: Cannot use JSX unless the '--jsx' flag is provided.
apps/admin/src/pages/LoginPage.tsx(133,13): error TS17004: Cannot use JSX unless the '--jsx' flag is provided.
apps/admin/src/pages/LoginPage.tsx(141,13): error TS17004: Cannot use JSX unless the '--jsx' flag is provided.
apps/admin/src/pages/LoginPage.tsx(155,5): error TS17004: Cannot use JSX unless the '--jsx' flag is provided.
apps/admin/src/pages/LoginPage.tsx(156,7): error TS17004: Cannot use JSX unless the '--jsx' flag is provided.
apps/admin/src/pages/LoginPage.tsx(157,9): error TS17004: Cannot use JSX unless the '--jsx' flag is provided.
apps/admin/src/pages/LoginPage.tsx(158,11): error TS17004: Cannot use JSX unless the '--jsx' flag is provided.
apps/admin/src/pages/LoginPage.tsx(159,13): error TS17004: Cannot use JSX unless the '--jsx' flag is provided.
apps/admin/src/pages/LoginPage.tsx(161,11): error TS17004: Cannot use JSX unless the '--jsx' flag is provided.
apps/admin/src/pages/LoginPage.tsx(164,9): error TS17004: Cannot use JSX unless the '--jsx' flag is provided.
apps/admin/src/pages/LoginPage.tsx(168,11): error TS17004: Cannot use JSX unless the '--jsx' flag is provided.
apps/admin/src/pages/LoginPage.tsx(171,13): error TS17004: Cannot use JSX unless the '--jsx' flag is provided.
apps/admin/src/pages/LoginPage.tsx(176,11): error TS17004: Cannot use JSX unless the '--jsx' flag is provided.
apps/admin/src/pages/LoginPage.tsx(177,13): error TS17004: Cannot use JSX unless the '--jsx' flag is provided.
apps/admin/src/pages/LoginPage.tsx(178,13): error TS17004: Cannot use JSX unless the '--jsx' flag is provided.
apps/admin/src/pages/LoginPage.tsx(189,11): error TS17004: Cannot use JSX unless the '--jsx' flag is provided.
apps/admin/src/pages/LoginPage.tsx(190,13): error TS17004: Cannot use JSX unless the '--jsx' flag is provided.
apps/admin/src/pages/LoginPage.tsx(191,13): error TS17004: Cannot use JSX unless the '--jsx' flag is provided.
apps/admin/src/pages/LoginPage.tsx(201,11): error TS17004: Cannot use JSX unless the '--jsx' flag is provided.
apps/admin/src/pages/LoginPage.tsx(210,9): error TS17004: Cannot use JSX unless the '--jsx' flag is provided.
apps/admin/src/pages/NotificationTemplatesPage.tsx(3,29): error TS2307: Cannot find module '@/config/admin.config' or its corresponding type declarations.
apps/admin/src/pages/NotificationTemplatesPage.tsx(4,38): error TS2307: Cannot find module '@/lib/api' or its corresponding type declarations.
apps/admin/src/pages/NotificationTemplatesPage.tsx(5,59): error TS2307: Cannot find module '@/components/ui' or its corresponding type declarations.
apps/admin/src/pages/NotificationTemplatesPage.tsx(140,16): error TS7006: Parameter 'r' implicitly has an 'any' type.
apps/admin/src/pages/NotificationTemplatesPage.tsx(141,9): error TS17004: Cannot use JSX unless the '--jsx' flag is provided.
apps/admin/src/pages/NotificationTemplatesPage.tsx(147,16): error TS7006: Parameter 'r' implicitly has an 'any' type.
apps/admin/src/pages/NotificationTemplatesPage.tsx(148,9): error TS17004: Cannot use JSX unless the '--jsx' flag is provided.
apps/admin/src/pages/NotificationTemplatesPage.tsx(154,16): error TS7006: Parameter 'r' implicitly has an 'any' type.
apps/admin/src/pages/NotificationTemplatesPage.tsx(155,9): error TS17004: Cannot use JSX unless the '--jsx' flag is provided.
apps/admin/src/pages/NotificationTemplatesPage.tsx(161,16): error TS7006: Parameter 'r' implicitly has an 'any' type.
apps/admin/src/pages/NotificationTemplatesPage.tsx(162,9): error TS17004: Cannot use JSX unless the '--jsx' flag is provided.
apps/admin/src/pages/NotificationTemplatesPage.tsx(168,16): error TS7006: Parameter 'r' implicitly has an 'any' type.
apps/admin/src/pages/NotificationTemplatesPage.tsx(169,9): error TS17004: Cannot use JSX unless the '--jsx' flag is provided.
apps/admin/src/pages/NotificationTemplatesPage.tsx(173,11): error TS17004: Cannot use JSX unless the '--jsx' flag is provided.
apps/admin/src/pages/NotificationTemplatesPage.tsx(180,16): error TS7006: Parameter 'r' implicitly has an 'any' type.
apps/admin/src/pages/NotificationTemplatesPage.tsx(181,9): error TS17004: Cannot use JSX unless the '--jsx' flag is provided.
apps/admin/src/pages/NotificationTemplatesPage.tsx(182,40): error TS7006: Parameter 'v' implicitly has an 'any' type.
apps/admin/src/pages/NotificationTemplatesPage.tsx(183,13): error TS17004: Cannot use JSX unless the '--jsx' flag is provided.
apps/admin/src/pages/NotificationTemplatesPage.tsx(186,13): error TS17004: Cannot use JSX unless the '--jsx' flag is provided.
apps/admin/src/pages/NotificationTemplatesPage.tsx(194,16): error TS7006: Parameter 'r' implicitly has an 'any' type.
apps/admin/src/pages/NotificationTemplatesPage.tsx(195,9): error TS17004: Cannot use JSX unless the '--jsx' flag is provided.
apps/admin/src/pages/NotificationTemplatesPage.tsx(196,11): error TS17004: Cannot use JSX unless the '--jsx' flag is provided.
apps/admin/src/pages/NotificationTemplatesPage.tsx(202,11): error TS17004: Cannot use JSX unless the '--jsx' flag is provided.
apps/admin/src/pages/NotificationTemplatesPage.tsx(217,5): error TS17004: Cannot use JSX unless the '--jsx' flag is provided.
apps/admin/src/pages/NotificationTemplatesPage.tsx(218,7): error TS17004: Cannot use JSX unless the '--jsx' flag is provided.
apps/admin/src/pages/NotificationTemplatesPage.tsx(219,9): error TS17004: Cannot use JSX unless the '--jsx' flag is provided.
apps/admin/src/pages/NotificationTemplatesPage.tsx(220,11): error TS17004: Cannot use JSX unless the '--jsx' flag is provided.
apps/admin/src/pages/NotificationTemplatesPage.tsx(221,11): error TS17004: Cannot use JSX unless the '--jsx' flag is provided.
apps/admin/src/pages/NotificationTemplatesPage.tsx(225,9): error TS17004: Cannot use JSX unless the '--jsx' flag is provided.
apps/admin/src/pages/NotificationTemplatesPage.tsx(233,7): error TS17004: Cannot use JSX unless the '--jsx' flag is provided.
apps/admin/src/pages/NotificationTemplatesPage.tsx(234,9): error TS17004: Cannot use JSX unless the '--jsx' flag is provided.
apps/admin/src/pages/NotificationTemplatesPage.tsx(239,11): error TS17004: Cannot use JSX unless the '--jsx' flag is provided.
apps/admin/src/pages/NotificationTemplatesPage.tsx(240,11): error TS17004: Cannot use JSX unless the '--jsx' flag is provided.
apps/admin/src/pages/NotificationTemplatesPage.tsx(241,11): error TS17004: Cannot use JSX unless the '--jsx' flag is provided.
apps/admin/src/pages/NotificationTemplatesPage.tsx(242,11): error TS17004: Cannot use JSX unless the '--jsx' flag is provided.
apps/admin/src/pages/NotificationTemplatesPage.tsx(243,11): error TS17004: Cannot use JSX unless the '--jsx' flag is provided.
apps/admin/src/pages/NotificationTemplatesPage.tsx(244,11): error TS17004: Cannot use JSX unless the '--jsx' flag is provided.
apps/admin/src/pages/NotificationTemplatesPage.tsx(245,11): error TS17004: Cannot use JSX unless the '--jsx' flag is provided.
apps/admin/src/pages/NotificationTemplatesPage.tsx(246,11): error TS17004: Cannot use JSX unless the '--jsx' flag is provided.
apps/admin/src/pages/NotificationTemplatesPage.tsx(247,11): error TS17004: Cannot use JSX unless the '--jsx' flag is provided.
apps/admin/src/pages/NotificationTemplatesPage.tsx(248,11): error TS17004: Cannot use JSX unless the '--jsx' flag is provided.
apps/admin/src/pages/NotificationTemplatesPage.tsx(250,9): error TS17004: Cannot use JSX unless the '--jsx' flag is provided.
apps/admin/src/pages/NotificationTemplatesPage.tsx(255,11): error TS17004: Cannot use JSX unless the '--jsx' flag is provided.
apps/admin/src/pages/NotificationTemplatesPage.tsx(256,11): error TS17004: Cannot use JSX unless the '--jsx' flag is provided.
apps/admin/src/pages/NotificationTemplatesPage.tsx(257,11): error TS17004: Cannot use JSX unless the '--jsx' flag is provided.
apps/admin/src/pages/NotificationTemplatesPage.tsx(258,11): error TS17004: Cannot use JSX unless the '--jsx' flag is provided.
apps/admin/src/pages/NotificationTemplatesPage.tsx(259,11): error TS17004: Cannot use JSX unless the '--jsx' flag is provided.
apps/admin/src/pages/NotificationTemplatesPage.tsx(260,11): error TS17004: Cannot use JSX unless the '--jsx' flag is provided.
apps/admin/src/pages/NotificationTemplatesPage.tsx(264,19): error TS17004: Cannot use JSX unless the '--jsx' flag is provided.
apps/admin/src/pages/NotificationTemplatesPage.tsx(265,23): error TS17004: Cannot use JSX unless the '--jsx' flag is provided.
apps/admin/src/pages/NotificationTemplatesPage.tsx(267,7): error TS17004: Cannot use JSX unless the '--jsx' flag is provided.
apps/admin/src/pages/NotificationTemplatesPage.tsx(267,75): error TS7006: Parameter 'r' implicitly has an 'any' type.
apps/admin/src/pages/NotificationTemplatesPage.tsx(270,9): error TS17004: Cannot use JSX unless the '--jsx' flag is provided.
apps/admin/src/pages/NotificationTemplatesPage.tsx(274,9): error TS17004: Cannot use JSX unless the '--jsx' flag is provided.
apps/admin/src/pages/NotificationTemplatesPage.tsx(275,11): error TS17004: Cannot use JSX unless the '--jsx' flag is provided.
apps/admin/src/pages/NotificationTemplatesPage.tsx(276,13): error TS17004: Cannot use JSX unless the '--jsx' flag is provided.
apps/admin/src/pages/NotificationTemplatesPage.tsx(281,15): error TS17004: Cannot use JSX unless the '--jsx' flag is provided.
apps/admin/src/pages/NotificationTemplatesPage.tsx(286,13): error TS17004: Cannot use JSX unless the '--jsx' flag is provided.
apps/admin/src/pages/NotificationTemplatesPage.tsx(287,15): error TS17004: Cannot use JSX unless the '--jsx' flag is provided.
apps/admin/src/pages/NotificationTemplatesPage.tsx(288,17): error TS17004: Cannot use JSX unless the '--jsx' flag is provided.
apps/admin/src/pages/NotificationTemplatesPage.tsx(289,17): error TS17004: Cannot use JSX unless the '--jsx' flag is provided.
apps/admin/src/pages/NotificationTemplatesPage.tsx(298,15): error TS17004: Cannot use JSX unless the '--jsx' flag is provided.
apps/admin/src/pages/NotificationTemplatesPage.tsx(299,17): error TS17004: Cannot use JSX unless the '--jsx' flag is provided.
apps/admin/src/pages/NotificationTemplatesPage.tsx(300,19): error TS17004: Cannot use JSX unless the '--jsx' flag is provided.
apps/admin/src/pages/NotificationTemplatesPage.tsx(301,19): error TS17004: Cannot use JSX unless the '--jsx' flag is provided.
apps/admin/src/pages/NotificationTemplatesPage.tsx(306,21): error TS17004: Cannot use JSX unless the '--jsx' flag is provided.
apps/admin/src/pages/NotificationTemplatesPage.tsx(307,21): error TS17004: Cannot use JSX unless the '--jsx' flag is provided.
apps/admin/src/pages/NotificationTemplatesPage.tsx(308,21): error TS17004: Cannot use JSX unless the '--jsx' flag is provided.
apps/admin/src/pages/NotificationTemplatesPage.tsx(309,21): error TS17004: Cannot use JSX unless the '--jsx' flag is provided.
apps/admin/src/pages/NotificationTemplatesPage.tsx(310,21): error TS17004: Cannot use JSX unless the '--jsx' flag is provided.
apps/admin/src/pages/NotificationTemplatesPage.tsx(311,21): error TS17004: Cannot use JSX unless the '--jsx' flag is provided.
apps/admin/src/pages/NotificationTemplatesPage.tsx(312,21): error TS17004: Cannot use JSX unless the '--jsx' flag is provided.
apps/admin/src/pages/NotificationTemplatesPage.tsx(313,21): error TS17004: Cannot use JSX unless the '--jsx' flag is provided.
apps/admin/src/pages/NotificationTemplatesPage.tsx(314,21): error TS17004: Cannot use JSX unless the '--jsx' flag is provided.
apps/admin/src/pages/NotificationTemplatesPage.tsx(317,17): error TS17004: Cannot use JSX unless the '--jsx' flag is provided.
apps/admin/src/pages/NotificationTemplatesPage.tsx(318,19): error TS17004: Cannot use JSX unless the '--jsx' flag is provided.
apps/admin/src/pages/NotificationTemplatesPage.tsx(319,19): error TS17004: Cannot use JSX unless the '--jsx' flag is provided.
apps/admin/src/pages/NotificationTemplatesPage.tsx(324,21): error TS17004: Cannot use JSX unless the '--jsx' flag is provided.
apps/admin/src/pages/NotificationTemplatesPage.tsx(325,21): error TS17004: Cannot use JSX unless the '--jsx' flag is provided.
apps/admin/src/pages/NotificationTemplatesPage.tsx(326,21): error TS17004: Cannot use JSX unless the '--jsx' flag is provided.
apps/admin/src/pages/NotificationTemplatesPage.tsx(327,21): error TS17004: Cannot use JSX unless the '--jsx' flag is provided.
apps/admin/src/pages/NotificationTemplatesPage.tsx(328,21): error TS17004: Cannot use JSX unless the '--jsx' flag is provided.
apps/admin/src/pages/NotificationTemplatesPage.tsx(333,15): error TS17004: Cannot use JSX unless the '--jsx' flag is provided.
apps/admin/src/pages/NotificationTemplatesPage.tsx(334,17): error TS17004: Cannot use JSX unless the '--jsx' flag is provided.
apps/admin/src/pages/NotificationTemplatesPage.tsx(335,17): error TS17004: Cannot use JSX unless the '--jsx' flag is provided.
apps/admin/src/pages/NotificationTemplatesPage.tsx(344,15): error TS17004: Cannot use JSX unless the '--jsx' flag is provided.
apps/admin/src/pages/NotificationTemplatesPage.tsx(345,17): error TS17004: Cannot use JSX unless the '--jsx' flag is provided.
apps/admin/src/pages/NotificationTemplatesPage.tsx(346,17): error TS17004: Cannot use JSX unless the '--jsx' flag is provided.
apps/admin/src/pages/NotificationTemplatesPage.tsx(353,17): error TS17004: Cannot use JSX unless the '--jsx' flag is provided.
apps/admin/src/pages/NotificationTemplatesPage.tsx(358,15): error TS17004: Cannot use JSX unless the '--jsx' flag is provided.
apps/admin/src/pages/NotificationTemplatesPage.tsx(359,17): error TS17004: Cannot use JSX unless the '--jsx' flag is provided.
apps/admin/src/pages/NotificationTemplatesPage.tsx(364,19): error TS17004: Cannot use JSX unless the '--jsx' flag is provided.
apps/admin/src/pages/NotificationTemplatesPage.tsx(366,17): error TS17004: Cannot use JSX unless the '--jsx' flag is provided.
apps/admin/src/pages/NotificationTemplatesPage.tsx(370,13): error TS17004: Cannot use JSX unless the '--jsx' flag is provided.
apps/admin/src/pages/NotificationTemplatesPage.tsx(371,15): error TS17004: Cannot use JSX unless the '--jsx' flag is provided.
apps/admin/src/pages/NotificationTemplatesPage.tsx(377,15): error TS17004: Cannot use JSX unless the '--jsx' flag is provided.
apps/admin/src/pages/PayoutsPage.tsx(3,29): error TS2307: Cannot find module '@/config/admin.config' or its corresponding type declarations.
apps/admin/src/pages/PayoutsPage.tsx(4,38): error TS2307: Cannot find module '@/lib/api' or its corresponding type declarations.
apps/admin/src/pages/PayoutsPage.tsx(5,32): error TS2307: Cannot find module '@/lib/format' or its corresponding type declarations.
apps/admin/src/pages/PayoutsPage.tsx(6,59): error TS2307: Cannot find module '@/components/ui' or its corresponding type declarations.
apps/admin/src/pages/PayoutsPage.tsx(104,16): error TS7006: Parameter 'r' implicitly has an 'any' type.
apps/admin/src/pages/PayoutsPage.tsx(105,9): error TS17004: Cannot use JSX unless the '--jsx' flag is provided.
apps/admin/src/pages/PayoutsPage.tsx(111,16): error TS7006: Parameter 'r' implicitly has an 'any' type.
apps/admin/src/pages/PayoutsPage.tsx(112,9): error TS17004: Cannot use JSX unless the '--jsx' flag is provided.
apps/admin/src/pages/PayoutsPage.tsx(118,16): error TS7006: Parameter 'r' implicitly has an 'any' type.
apps/admin/src/pages/PayoutsPage.tsx(119,9): error TS17004: Cannot use JSX unless the '--jsx' flag is provided.
apps/admin/src/pages/PayoutsPage.tsx(120,11): error TS17004: Cannot use JSX unless the '--jsx' flag is provided.
apps/admin/src/pages/PayoutsPage.tsx(121,11): error TS17004: Cannot use JSX unless the '--jsx' flag is provided.
apps/admin/src/pages/PayoutsPage.tsx(128,16): error TS7006: Parameter 'r' implicitly has an 'any' type.
apps/admin/src/pages/PayoutsPage.tsx(129,9): error TS17004: Cannot use JSX unless the '--jsx' flag is provided.
apps/admin/src/pages/PayoutsPage.tsx(135,16): error TS7006: Parameter 'r' implicitly has an 'any' type.
apps/admin/src/pages/PayoutsPage.tsx(136,9): error TS17004: Cannot use JSX unless the '--jsx' flag is provided.
apps/admin/src/pages/PayoutsPage.tsx(144,16): error TS7006: Parameter 'r' implicitly has an 'any' type.
apps/admin/src/pages/PayoutsPage.tsx(145,9): error TS17004: Cannot use JSX unless the '--jsx' flag is provided.
apps/admin/src/pages/PayoutsPage.tsx(147,13): error TS17004: Cannot use JSX unless the '--jsx' flag is provided.
apps/admin/src/pages/PayoutsPage.tsx(148,15): error TS17004: Cannot use JSX unless the '--jsx' flag is provided.
apps/admin/src/pages/PayoutsPage.tsx(154,15): error TS17004: Cannot use JSX unless the '--jsx' flag is provided.
apps/admin/src/pages/PayoutsPage.tsx(163,13): error TS17004: Cannot use JSX unless the '--jsx' flag is provided.
apps/admin/src/pages/PayoutsPage.tsx(176,5): error TS17004: Cannot use JSX unless the '--jsx' flag is provided.
apps/admin/src/pages/PayoutsPage.tsx(177,7): error TS17004: Cannot use JSX unless the '--jsx' flag is provided.
apps/admin/src/pages/PayoutsPage.tsx(178,9): error TS17004: Cannot use JSX unless the '--jsx' flag is provided.
apps/admin/src/pages/PayoutsPage.tsx(179,9): error TS17004: Cannot use JSX unless the '--jsx' flag is provided.
apps/admin/src/pages/PayoutsPage.tsx(184,7): error TS17004: Cannot use JSX unless the '--jsx' flag is provided.
apps/admin/src/pages/PayoutsPage.tsx(185,9): error TS17004: Cannot use JSX unless the '--jsx' flag is provided.
apps/admin/src/pages/PayoutsPage.tsx(186,11): error TS17004: Cannot use JSX unless the '--jsx' flag is provided.
apps/admin/src/pages/PayoutsPage.tsx(193,11): error TS17004: Cannot use JSX unless the '--jsx' flag is provided.
apps/admin/src/pages/PayoutsPage.tsx(197,9): error TS17004: Cannot use JSX unless the '--jsx' flag is provided.
apps/admin/src/pages/PayoutsPage.tsx(202,11): error TS17004: Cannot use JSX unless the '--jsx' flag is provided.
apps/admin/src/pages/PayoutsPage.tsx(203,11): error TS17004: Cannot use JSX unless the '--jsx' flag is provided.
apps/admin/src/pages/PayoutsPage.tsx(204,11): error TS17004: Cannot use JSX unless the '--jsx' flag is provided.
apps/admin/src/pages/PayoutsPage.tsx(205,11): error TS17004: Cannot use JSX unless the '--jsx' flag is provided.
apps/admin/src/pages/PayoutsPage.tsx(206,11): error TS17004: Cannot use JSX unless the '--jsx' flag is provided.
apps/admin/src/pages/PayoutsPage.tsx(207,11): error TS17004: Cannot use JSX unless the '--jsx' flag is provided.
apps/admin/src/pages/PayoutsPage.tsx(208,11): error TS17004: Cannot use JSX unless the '--jsx' flag is provided.
apps/admin/src/pages/PayoutsPage.tsx(213,9): error TS17004: Cannot use JSX unless the '--jsx' flag is provided.
apps/admin/src/pages/PayoutsPage.tsx(218,7): error TS17004: Cannot use JSX unless the '--jsx' flag is provided.
apps/admin/src/pages/PayoutsPage.tsx(218,75): error TS7006: Parameter 'r' implicitly has an 'any' type.
apps/admin/src/pages/PayoutsPage.tsx(221,9): error TS17004: Cannot use JSX unless the '--jsx' flag is provided.
apps/admin/src/pages/PayoutsPage.tsx(225,9): error TS17004: Cannot use JSX unless the '--jsx' flag is provided.
apps/admin/src/pages/PayoutsPage.tsx(226,11): error TS17004: Cannot use JSX unless the '--jsx' flag is provided.
apps/admin/src/pages/PayoutsPage.tsx(227,13): error TS17004: Cannot use JSX unless the '--jsx' flag is provided.
apps/admin/src/pages/PayoutsPage.tsx(230,13): error TS17004: Cannot use JSX unless the '--jsx' flag is provided.
apps/admin/src/pages/PayoutsPage.tsx(236,15): error TS17004: Cannot use JSX unless the '--jsx' flag is provided.
apps/admin/src/pages/PayoutsPage.tsx(242,15): error TS17004: Cannot use JSX unless the '--jsx' flag is provided.
apps/admin/src/pages/PayoutsPage.tsx(243,17): error TS17004: Cannot use JSX unless the '--jsx' flag is provided.
apps/admin/src/pages/PayoutsPage.tsx(244,17): error TS17004: Cannot use JSX unless the '--jsx' flag is provided.
apps/admin/src/pages/PayoutsPage.tsx(255,15): error TS17004: Cannot use JSX unless the '--jsx' flag is provided.
apps/admin/src/pages/PayoutsPage.tsx(256,17): error TS17004: Cannot use JSX unless the '--jsx' flag is provided.
apps/admin/src/pages/PayoutsPage.tsx(257,17): error TS17004: Cannot use JSX unless the '--jsx' flag is provided.
apps/admin/src/pages/PayoutsPage.tsx(267,13): error TS17004: Cannot use JSX unless the '--jsx' flag is provided.
apps/admin/src/pages/PayoutsPage.tsx(268,15): error TS17004: Cannot use JSX unless the '--jsx' flag is provided.
apps/admin/src/pages/PayoutsPage.tsx(274,15): error TS17004: Cannot use JSX unless the '--jsx' flag is provided.
apps/admin/src/pages/PricingRulesPage.tsx(3,29): error TS2307: Cannot find module '@/config/admin.config' or its corresponding type declarations.
apps/admin/src/pages/PricingRulesPage.tsx(4,38): error TS2307: Cannot find module '@/lib/api' or its corresponding type declarations.
apps/admin/src/pages/PricingRulesPage.tsx(5,35): error TS2307: Cannot find module '@/components/ui' or its corresponding type declarations.
apps/admin/src/pages/PricingRulesPage.tsx(243,5): error TS17004: Cannot use JSX unless the '--jsx' flag is provided.
apps/admin/src/pages/PricingRulesPage.tsx(245,7): error TS17004: Cannot use JSX unless the '--jsx' flag is provided.
apps/admin/src/pages/PricingRulesPage.tsx(246,9): error TS17004: Cannot use JSX unless the '--jsx' flag is provided.
apps/admin/src/pages/PricingRulesPage.tsx(247,11): error TS17004: Cannot use JSX unless the '--jsx' flag is provided.
apps/admin/src/pages/PricingRulesPage.tsx(248,11): error TS17004: Cannot use JSX unless the '--jsx' flag is provided.
apps/admin/src/pages/PricingRulesPage.tsx(252,9): error TS17004: Cannot use JSX unless the '--jsx' flag is provided.
apps/admin/src/pages/PricingRulesPage.tsx(262,9): error TS17004: Cannot use JSX unless the '--jsx' flag is provided.
apps/admin/src/pages/PricingRulesPage.tsx(268,7): error TS17004: Cannot use JSX unless the '--jsx' flag is provided.
apps/admin/src/pages/PricingRulesPage.tsx(269,9): error TS17004: Cannot use JSX unless the '--jsx' flag is provided.
apps/admin/src/pages/PricingRulesPage.tsx(274,11): error TS17004: Cannot use JSX unless the '--jsx' flag is provided.
apps/admin/src/pages/PricingRulesPage.tsx(275,11): error TS17004: Cannot use JSX unless the '--jsx' flag is provided.
apps/admin/src/pages/PricingRulesPage.tsx(276,11): error TS17004: Cannot use JSX unless the '--jsx' flag is provided.
apps/admin/src/pages/PricingRulesPage.tsx(277,11): error TS17004: Cannot use JSX unless the '--jsx' flag is provided.
apps/admin/src/pages/PricingRulesPage.tsx(279,9): error TS17004: Cannot use JSX unless the '--jsx' flag is provided.
apps/admin/src/pages/PricingRulesPage.tsx(284,11): error TS17004: Cannot use JSX unless the '--jsx' flag is provided.
apps/admin/src/pages/PricingRulesPage.tsx(285,11): error TS17004: Cannot use JSX unless the '--jsx' flag is provided.
apps/admin/src/pages/PricingRulesPage.tsx(286,11): error TS17004: Cannot use JSX unless the '--jsx' flag is provided.
apps/admin/src/pages/PricingRulesPage.tsx(292,9): error TS17004: Cannot use JSX unless the '--jsx' flag is provided.
apps/admin/src/pages/PricingRulesPage.tsx(293,11): error TS17004: Cannot use JSX unless the '--jsx' flag is provided.
apps/admin/src/pages/PricingRulesPage.tsx(296,11): error TS17004: Cannot use JSX unless the '--jsx' flag is provided.
apps/admin/src/pages/PricingRulesPage.tsx(297,13): error TS17004: Cannot use JSX unless the '--jsx' flag is provided.
apps/admin/src/pages/PricingRulesPage.tsx(298,15): error TS17004: Cannot use JSX unless the '--jsx' flag is provided.
apps/admin/src/pages/PricingRulesPage.tsx(299,17): error TS17004: Cannot use JSX unless the '--jsx' flag is provided.
apps/admin/src/pages/PricingRulesPage.tsx(302,17): error TS17004: Cannot use JSX unless the '--jsx' flag is provided.
apps/admin/src/pages/PricingRulesPage.tsx(313,17): error TS17004: Cannot use JSX unless the '--jsx' flag is provided.
apps/admin/src/pages/PricingRulesPage.tsx(314,19): error TS17004: Cannot use JSX unless the '--jsx' flag is provided.
apps/admin/src/pages/PricingRulesPage.tsx(317,19): error TS17004: Cannot use JSX unless the '--jsx' flag is provided.
apps/admin/src/pages/PricingRulesPage.tsx(322,21): error TS17004: Cannot use JSX unless the '--jsx' flag is provided.
apps/admin/src/pages/PricingRulesPage.tsx(323,21): error TS17004: Cannot use JSX unless the '--jsx' flag is provided.
apps/admin/src/pages/PricingRulesPage.tsx(324,21): error TS17004: Cannot use JSX unless the '--jsx' flag is provided.
apps/admin/src/pages/PricingRulesPage.tsx(329,15): error TS17004: Cannot use JSX unless the '--jsx' flag is provided.
apps/admin/src/pages/PricingRulesPage.tsx(330,17): error TS17004: Cannot use JSX unless the '--jsx' flag is provided.
apps/admin/src/pages/PricingRulesPage.tsx(333,17): error TS17004: Cannot use JSX unless the '--jsx' flag is provided.
apps/admin/src/pages/PricingRulesPage.tsx(347,17): error TS17004: Cannot use JSX unless the '--jsx' flag is provided.
apps/admin/src/pages/PricingRulesPage.tsx(348,19): error TS17004: Cannot use JSX unless the '--jsx' flag is provided.
apps/admin/src/pages/PricingRulesPage.tsx(351,19): error TS17004: Cannot use JSX unless the '--jsx' flag is provided.
apps/admin/src/pages/PricingRulesPage.tsx(365,17): error TS17004: Cannot use JSX unless the '--jsx' flag is provided.
apps/admin/src/pages/PricingRulesPage.tsx(366,19): error TS17004: Cannot use JSX unless the '--jsx' flag is provided.
apps/admin/src/pages/PricingRulesPage.tsx(369,19): error TS17004: Cannot use JSX unless the '--jsx' flag is provided.
apps/admin/src/pages/PricingRulesPage.tsx(380,17): error TS17004: Cannot use JSX unless the '--jsx' flag is provided.
apps/admin/src/pages/PricingRulesPage.tsx(381,19): error TS17004: Cannot use JSX unless the '--jsx' flag is provided.
apps/admin/src/pages/PricingRulesPage.tsx(382,21): error TS17004: Cannot use JSX unless the '--jsx' flag is provided.
apps/admin/src/pages/PricingRulesPage.tsx(385,21): error TS17004: Cannot use JSX unless the '--jsx' flag is provided.
apps/admin/src/pages/PricingRulesPage.tsx(392,19): error TS17004: Cannot use JSX unless the '--jsx' flag is provided.
apps/admin/src/pages/PricingRulesPage.tsx(393,21): error TS17004: Cannot use JSX unless the '--jsx' flag is provided.
apps/admin/src/pages/PricingRulesPage.tsx(396,21): error TS17004: Cannot use JSX unless the '--jsx' flag is provided.
apps/admin/src/pages/PricingRulesPage.tsx(403,19): error TS17004: Cannot use JSX unless the '--jsx' flag is provided.
apps/admin/src/pages/PricingRulesPage.tsx(404,21): error TS17004: Cannot use JSX unless the '--jsx' flag is provided.
apps/admin/src/pages/PricingRulesPage.tsx(407,21): error TS17004: Cannot use JSX unless the '--jsx' flag is provided.
apps/admin/src/pages/PricingRulesPage.tsx(409,25): error TS17004: Cannot use JSX unless the '--jsx' flag is provided.
apps/admin/src/pages/PricingRulesPage.tsx(427,15): error TS17004: Cannot use JSX unless the '--jsx' flag is provided.
apps/admin/src/pages/PricingRulesPage.tsx(428,17): error TS17004: Cannot use JSX unless the '--jsx' flag is provided.
apps/admin/src/pages/PricingRulesPage.tsx(431,17): error TS17004: Cannot use JSX unless the '--jsx' flag is provided.
apps/admin/src/pages/PricingRulesPage.tsx(441,15): error TS17004: Cannot use JSX unless the '--jsx' flag is provided.
apps/admin/src/pages/PricingRulesPage.tsx(442,17): error TS17004: Cannot use JSX unless the '--jsx' flag is provided.
apps/admin/src/pages/PricingRulesPage.tsx(445,17): error TS17004: Cannot use JSX unless the '--jsx' flag is provided.
apps/admin/src/pages/PricingRulesPage.tsx(457,15): error TS17004: Cannot use JSX unless the '--jsx' flag is provided.
apps/admin/src/pages/PricingRulesPage.tsx(458,17): error TS17004: Cannot use JSX unless the '--jsx' flag is provided.
apps/admin/src/pages/PricingRulesPage.tsx(461,17): error TS17004: Cannot use JSX unless the '--jsx' flag is provided.
apps/admin/src/pages/PricingRulesPage.tsx(472,15): error TS17004: Cannot use JSX unless the '--jsx' flag is provided.
apps/admin/src/pages/PricingRulesPage.tsx(475,13): error TS17004: Cannot use JSX unless the '--jsx' flag is provided.
apps/admin/src/pages/PricingRulesPage.tsx(476,15): error TS17004: Cannot use JSX unless the '--jsx' flag is provided.
apps/admin/src/pages/PricingRulesPage.tsx(484,15): error TS17004: Cannot use JSX unless the '--jsx' flag is provided.
apps/admin/src/pages/PricingRulesPage.tsx(498,9): error TS17004: Cannot use JSX unless the '--jsx' flag is provided.
apps/admin/src/pages/PricingRulesPage.tsx(500,13): error TS17004: Cannot use JSX unless the '--jsx' flag is provided.
apps/admin/src/pages/PricingRulesPage.tsx(504,9): error TS17004: Cannot use JSX unless the '--jsx' flag is provided.
apps/admin/src/pages/PricingRulesPage.tsx(508,9): error TS17004: Cannot use JSX unless the '--jsx' flag is provided.
apps/admin/src/pages/PricingRulesPage.tsx(509,11): error TS17004: Cannot use JSX unless the '--jsx' flag is provided.
apps/admin/src/pages/PricingRulesPage.tsx(510,11): error TS17004: Cannot use JSX unless the '--jsx' flag is provided.
apps/admin/src/pages/PricingRulesPage.tsx(511,11): error TS17004: Cannot use JSX unless the '--jsx' flag is provided.
apps/admin/src/pages/PricingRulesPage.tsx(514,9): error TS17004: Cannot use JSX unless the '--jsx' flag is provided.
apps/admin/src/pages/PricingRulesPage.tsx(515,11): error TS17004: Cannot use JSX unless the '--jsx' flag is provided.
apps/admin/src/pages/PricingRulesPage.tsx(516,13): error TS17004: Cannot use JSX unless the '--jsx' flag is provided.
apps/admin/src/pages/PricingRulesPage.tsx(517,15): error TS17004: Cannot use JSX unless the '--jsx' flag is provided.
apps/admin/src/pages/PricingRulesPage.tsx(518,17): error TS17004: Cannot use JSX unless the '--jsx' flag is provided.
apps/admin/src/pages/PricingRulesPage.tsx(519,17): error TS17004: Cannot use JSX unless the '--jsx' flag is provided.
apps/admin/src/pages/PricingRulesPage.tsx(520,17): error TS17004: Cannot use JSX unless the '--jsx' flag is provided.
apps/admin/src/pages/PricingRulesPage.tsx(521,17): error TS17004: Cannot use JSX unless the '--jsx' flag is provided.
apps/admin/src/pages/PricingRulesPage.tsx(522,17): error TS17004: Cannot use JSX unless the '--jsx' flag is provided.
apps/admin/src/pages/PricingRulesPage.tsx(523,17): error TS17004: Cannot use JSX unless the '--jsx' flag is provided.
apps/admin/src/pages/PricingRulesPage.tsx(524,17): error TS17004: Cannot use JSX unless the '--jsx' flag is provided.
apps/admin/src/pages/PricingRulesPage.tsx(527,13): error TS17004: Cannot use JSX unless the '--jsx' flag is provided.
apps/admin/src/pages/PricingRulesPage.tsx(528,27): error TS7006: Parameter 'rule' implicitly has an 'any' type.
apps/admin/src/pages/PricingRulesPage.tsx(529,17): error TS17004: Cannot use JSX unless the '--jsx' flag is provided.
apps/admin/src/pages/PricingRulesPage.tsx(530,19): error TS17004: Cannot use JSX unless the '--jsx' flag is provided.
apps/admin/src/pages/PricingRulesPage.tsx(531,21): error TS17004: Cannot use JSX unless the '--jsx' flag is provided.
apps/admin/src/pages/PricingRulesPage.tsx(533,23): error TS17004: Cannot use JSX unless the '--jsx' flag is provided.
apps/admin/src/pages/PricingRulesPage.tsx(538,19): error TS17004: Cannot use JSX unless the '--jsx' flag is provided.
apps/admin/src/pages/PricingRulesPage.tsx(539,21): error TS17004: Cannot use JSX unless the '--jsx' flag is provided.
apps/admin/src/pages/PricingRulesPage.tsx(544,19): error TS17004: Cannot use JSX unless the '--jsx' flag is provided.
apps/admin/src/pages/PricingRulesPage.tsx(547,19): error TS17004: Cannot use JSX unless the '--jsx' flag is provided.
apps/admin/src/pages/PricingRulesPage.tsx(549,23): error TS17004: Cannot use JSX unless the '--jsx' flag is provided.
apps/admin/src/pages/PricingRulesPage.tsx(552,23): error TS17004: Cannot use JSX unless the '--jsx' flag is provided.
apps/admin/src/pages/PricingRulesPage.tsx(555,23): error TS17004: Cannot use JSX unless the '--jsx' flag is provided.
apps/admin/src/pages/PricingRulesPage.tsx(556,25): error TS17004: Cannot use JSX unless the '--jsx' flag is provided.
apps/admin/src/pages/PricingRulesPage.tsx(557,25): error TS17004: Cannot use JSX unless the '--jsx' flag is provided.
apps/admin/src/pages/PricingRulesPage.tsx(561,19): error TS17004: Cannot use JSX unless the '--jsx' flag is provided.
apps/admin/src/pages/PricingRulesPage.tsx(564,19): error TS17004: Cannot use JSX unless the '--jsx' flag is provided.
apps/admin/src/pages/PricingRulesPage.tsx(565,21): error TS17004: Cannot use JSX unless the '--jsx' flag is provided.
apps/admin/src/pages/PricingRulesPage.tsx(570,19): error TS17004: Cannot use JSX unless the '--jsx' flag is provided.
apps/admin/src/pages/PricingRulesPage.tsx(571,21): error TS17004: Cannot use JSX unless the '--jsx' flag is provided.
apps/admin/src/pages/PricingRulesPage.tsx(572,23): error TS17004: Cannot use JSX unless the '--jsx' flag is provided.
apps/admin/src/pages/PricingRulesPage.tsx(579,23): error TS17004: Cannot use JSX unless the '--jsx' flag is provided.
apps/admin/src/pages/PricingRulesPage.tsx(592,23): error TS17004: Cannot use JSX unless the '--jsx' flag is provided.
apps/admin/src/pages/PricingRulesPage.tsx(614,9): error TS17004: Cannot use JSX unless the '--jsx' flag is provided.
apps/admin/src/pages/ProvidersPage.tsx(3,29): error TS2307: Cannot find module '@/config/admin.config' or its corresponding type declarations.
apps/admin/src/pages/ProvidersPage.tsx(4,38): error TS2307: Cannot find module '@/lib/api' or its corresponding type declarations.
apps/admin/src/pages/ProvidersPage.tsx(5,59): error TS2307: Cannot find module '@/components/ui' or its corresponding type declarations.
apps/admin/src/pages/ProvidersPage.tsx(113,16): error TS7006: Parameter 'r' implicitly has an 'any' type.
apps/admin/src/pages/ProvidersPage.tsx(114,9): error TS17004: Cannot use JSX unless the '--jsx' flag is provided.
apps/admin/src/pages/ProvidersPage.tsx(115,11): error TS17004: Cannot use JSX unless the '--jsx' flag is provided.
apps/admin/src/pages/ProvidersPage.tsx(118,11): error TS17004: Cannot use JSX unless the '--jsx' flag is provided.
apps/admin/src/pages/ProvidersPage.tsx(125,16): error TS7006: Parameter 'r' implicitly has an 'any' type.
apps/admin/src/pages/ProvidersPage.tsx(125,22): error TS17004: Cannot use JSX unless the '--jsx' flag is provided.
apps/admin/src/pages/ProvidersPage.tsx(130,16): error TS7006: Parameter 'r' implicitly has an 'any' type.
apps/admin/src/pages/ProvidersPage.tsx(130,22): error TS17004: Cannot use JSX unless the '--jsx' flag is provided.
apps/admin/src/pages/ProvidersPage.tsx(135,16): error TS7006: Parameter 'r' implicitly has an 'any' type.
apps/admin/src/pages/ProvidersPage.tsx(136,9): error TS17004: Cannot use JSX unless the '--jsx' flag is provided.
apps/admin/src/pages/ProvidersPage.tsx(144,16): error TS7006: Parameter 'r' implicitly has an 'any' type.
apps/admin/src/pages/ProvidersPage.tsx(144,22): error TS17004: Cannot use JSX unless the '--jsx' flag is provided.
apps/admin/src/pages/ProvidersPage.tsx(149,16): error TS7006: Parameter 'r' implicitly has an 'any' type.
apps/admin/src/pages/ProvidersPage.tsx(150,9): error TS17004: Cannot use JSX unless the '--jsx' flag is provided.
apps/admin/src/pages/ProvidersPage.tsx(158,16): error TS7006: Parameter 'r' implicitly has an 'any' type.
apps/admin/src/pages/ProvidersPage.tsx(159,9): error TS17004: Cannot use JSX unless the '--jsx' flag is provided.
apps/admin/src/pages/ProvidersPage.tsx(161,13): error TS17004: Cannot use JSX unless the '--jsx' flag is provided.
apps/admin/src/pages/ProvidersPage.tsx(162,15): error TS17004: Cannot use JSX unless the '--jsx' flag is provided.
apps/admin/src/pages/ProvidersPage.tsx(163,15): error TS17004: Cannot use JSX unless the '--jsx' flag is provided.
apps/admin/src/pages/ProvidersPage.tsx(167,13): error TS17004: Cannot use JSX unless the '--jsx' flag is provided.
apps/admin/src/pages/ProvidersPage.tsx(170,13): error TS17004: Cannot use JSX unless the '--jsx' flag is provided.
apps/admin/src/pages/ProvidersPage.tsx(172,11): error TS17004: Cannot use JSX unless the '--jsx' flag is provided.
apps/admin/src/pages/ProvidersPage.tsx(182,5): error TS17004: Cannot use JSX unless the '--jsx' flag is provided.
apps/admin/src/pages/ProvidersPage.tsx(183,7): error TS17004: Cannot use JSX unless the '--jsx' flag is provided.
apps/admin/src/pages/ProvidersPage.tsx(184,9): error TS17004: Cannot use JSX unless the '--jsx' flag is provided.
apps/admin/src/pages/ProvidersPage.tsx(185,11): error TS17004: Cannot use JSX unless the '--jsx' flag is provided.
apps/admin/src/pages/ProvidersPage.tsx(186,11): error TS17004: Cannot use JSX unless the '--jsx' flag is provided.
apps/admin/src/pages/ProvidersPage.tsx(192,7): error TS17004: Cannot use JSX unless the '--jsx' flag is provided.
apps/admin/src/pages/ProvidersPage.tsx(193,9): error TS17004: Cannot use JSX unless the '--jsx' flag is provided.
apps/admin/src/pages/ProvidersPage.tsx(194,11): error TS17004: Cannot use JSX unless the '--jsx' flag is provided.
apps/admin/src/pages/ProvidersPage.tsx(201,11): error TS17004: Cannot use JSX unless the '--jsx' flag is provided.
apps/admin/src/pages/ProvidersPage.tsx(208,9): error TS17004: Cannot use JSX unless the '--jsx' flag is provided.
apps/admin/src/pages/ProvidersPage.tsx(213,11): error TS17004: Cannot use JSX unless the '--jsx' flag is provided.
apps/admin/src/pages/ProvidersPage.tsx(214,11): error TS17004: Cannot use JSX unless the '--jsx' flag is provided.
apps/admin/src/pages/ProvidersPage.tsx(215,11): error TS17004: Cannot use JSX unless the '--jsx' flag is provided.
apps/admin/src/pages/ProvidersPage.tsx(216,11): error TS17004: Cannot use JSX unless the '--jsx' flag is provided.
apps/admin/src/pages/ProvidersPage.tsx(217,11): error TS17004: Cannot use JSX unless the '--jsx' flag is provided.
apps/admin/src/pages/ProvidersPage.tsx(218,11): error TS17004: Cannot use JSX unless the '--jsx' flag is provided.
apps/admin/src/pages/ProvidersPage.tsx(220,9): error TS17004: Cannot use JSX unless the '--jsx' flag is provided.
apps/admin/src/pages/ProvidersPage.tsx(225,11): error TS17004: Cannot use JSX unless the '--jsx' flag is provided.
apps/admin/src/pages/ProvidersPage.tsx(226,11): error TS17004: Cannot use JSX unless the '--jsx' flag is provided.
apps/admin/src/pages/ProvidersPage.tsx(227,11): error TS17004: Cannot use JSX unless the '--jsx' flag is provided.
apps/admin/src/pages/ProvidersPage.tsx(228,11): error TS17004: Cannot use JSX unless the '--jsx' flag is provided.
apps/admin/src/pages/ProvidersPage.tsx(229,11): error TS17004: Cannot use JSX unless the '--jsx' flag is provided.
apps/admin/src/pages/ProvidersPage.tsx(234,9): error TS17004: Cannot use JSX unless the '--jsx' flag is provided.
apps/admin/src/pages/ProvidersPage.tsx(239,7): error TS17004: Cannot use JSX unless the '--jsx' flag is provided.
apps/admin/src/pages/ProvidersPage.tsx(239,75): error TS7006: Parameter 'r' implicitly has an 'any' type.
apps/admin/src/pages/ProvidersPage.tsx(242,9): error TS17004: Cannot use JSX unless the '--jsx' flag is provided.
apps/admin/src/pages/ProvidersPage.tsx(246,9): error TS17004: Cannot use JSX unless the '--jsx' flag is provided.
apps/admin/src/pages/ProvidersPage.tsx(247,11): error TS17004: Cannot use JSX unless the '--jsx' flag is provided.
apps/admin/src/pages/ProvidersPage.tsx(248,13): error TS17004: Cannot use JSX unless the '--jsx' flag is provided.
apps/admin/src/pages/ProvidersPage.tsx(251,13): error TS17004: Cannot use JSX unless the '--jsx' flag is provided.
apps/admin/src/pages/ProvidersPage.tsx(258,15): error TS17004: Cannot use JSX unless the '--jsx' flag is provided.
apps/admin/src/pages/ProvidersPage.tsx(264,15): error TS17004: Cannot use JSX unless the '--jsx' flag is provided.
apps/admin/src/pages/ProvidersPage.tsx(265,17): error TS17004: Cannot use JSX unless the '--jsx' flag is provided.
apps/admin/src/pages/ProvidersPage.tsx(266,17): error TS17004: Cannot use JSX unless the '--jsx' flag is provided.
apps/admin/src/pages/ProvidersPage.tsx(277,15): error TS17004: Cannot use JSX unless the '--jsx' flag is provided.
apps/admin/src/pages/ProvidersPage.tsx(278,17): error TS17004: Cannot use JSX unless the '--jsx' flag is provided.
apps/admin/src/pages/ProvidersPage.tsx(279,17): error TS17004: Cannot use JSX unless the '--jsx' flag is provided.
apps/admin/src/pages/ProvidersPage.tsx(284,19): error TS17004: Cannot use JSX unless the '--jsx' flag is provided.
apps/admin/src/pages/ProvidersPage.tsx(285,19): error TS17004: Cannot use JSX unless the '--jsx' flag is provided.
apps/admin/src/pages/ProvidersPage.tsx(286,19): error TS17004: Cannot use JSX unless the '--jsx' flag is provided.
apps/admin/src/pages/ProvidersPage.tsx(287,19): error TS17004: Cannot use JSX unless the '--jsx' flag is provided.
apps/admin/src/pages/ProvidersPage.tsx(292,13): error TS17004: Cannot use JSX unless the '--jsx' flag is provided.
apps/admin/src/pages/ProvidersPage.tsx(293,15): error TS17004: Cannot use JSX unless the '--jsx' flag is provided.
apps/admin/src/pages/ProvidersPage.tsx(299,15): error TS17004: Cannot use JSX unless the '--jsx' flag is provided.
apps/admin/src/pages/ProvidersPage.tsx(323,5): error TS17004: Cannot use JSX unless the '--jsx' flag is provided.
apps/admin/src/pages/RecurringPage.tsx(3,29): error TS2307: Cannot find module '@/config/admin.config' or its corresponding type declarations.
apps/admin/src/pages/RecurringPage.tsx(4,38): error TS2307: Cannot find module '@/lib/api' or its corresponding type declarations.
apps/admin/src/pages/RecurringPage.tsx(5,32): error TS2307: Cannot find module '@/lib/format' or its corresponding type declarations.
apps/admin/src/pages/RecurringPage.tsx(6,59): error TS2307: Cannot find module '@/components/ui' or its corresponding type declarations.
apps/admin/src/pages/RecurringPage.tsx(89,16): error TS7006: Parameter 'r' implicitly has an 'any' type.
apps/admin/src/pages/RecurringPage.tsx(90,9): error TS17004: Cannot use JSX unless the '--jsx' flag is provided.
apps/admin/src/pages/RecurringPage.tsx(96,16): error TS7006: Parameter 'r' implicitly has an 'any' type.
apps/admin/src/pages/RecurringPage.tsx(97,9): error TS17004: Cannot use JSX unless the '--jsx' flag is provided.
apps/admin/src/pages/RecurringPage.tsx(103,16): error TS7006: Parameter 'r' implicitly has an 'any' type.
apps/admin/src/pages/RecurringPage.tsx(104,9): error TS17004: Cannot use JSX unless the '--jsx' flag is provided.
apps/admin/src/pages/RecurringPage.tsx(110,16): error TS7006: Parameter 'r' implicitly has an 'any' type.
apps/admin/src/pages/RecurringPage.tsx(111,9): error TS17004: Cannot use JSX unless the '--jsx' flag is provided.
apps/admin/src/pages/RecurringPage.tsx(119,16): error TS7006: Parameter 'r' implicitly has an 'any' type.
apps/admin/src/pages/RecurringPage.tsx(119,22): error TS17004: Cannot use JSX unless the '--jsx' flag is provided.
apps/admin/src/pages/RecurringPage.tsx(124,16): error TS7006: Parameter 'r' implicitly has an 'any' type.
apps/admin/src/pages/RecurringPage.tsx(124,22): error TS17004: Cannot use JSX unless the '--jsx' flag is provided.
apps/admin/src/pages/RecurringPage.tsx(129,16): error TS7006: Parameter 'r' implicitly has an 'any' type.
apps/admin/src/pages/RecurringPage.tsx(130,9): error TS17004: Cannot use JSX unless the '--jsx' flag is provided.
apps/admin/src/pages/RecurringPage.tsx(140,16): error TS7006: Parameter 'r' implicitly has an 'any' type.
apps/admin/src/pages/RecurringPage.tsx(140,22): error TS17004: Cannot use JSX unless the '--jsx' flag is provided.
apps/admin/src/pages/RecurringPage.tsx(145,16): error TS7006: Parameter 'r' implicitly has an 'any' type.
apps/admin/src/pages/RecurringPage.tsx(146,9): error TS17004: Cannot use JSX unless the '--jsx' flag is provided.
apps/admin/src/pages/RecurringPage.tsx(152,16): error TS7006: Parameter 'r' implicitly has an 'any' type.
apps/admin/src/pages/RecurringPage.tsx(154,11): error TS17004: Cannot use JSX unless the '--jsx' flag is provided.
apps/admin/src/pages/RecurringPage.tsx(169,5): error TS17004: Cannot use JSX unless the '--jsx' flag is provided.
apps/admin/src/pages/RecurringPage.tsx(170,7): error TS17004: Cannot use JSX unless the '--jsx' flag is provided.
apps/admin/src/pages/RecurringPage.tsx(171,9): error TS17004: Cannot use JSX unless the '--jsx' flag is provided.
apps/admin/src/pages/RecurringPage.tsx(174,7): error TS17004: Cannot use JSX unless the '--jsx' flag is provided.
apps/admin/src/pages/RecurringPage.tsx(175,9): error TS17004: Cannot use JSX unless the '--jsx' flag is provided.
apps/admin/src/pages/RecurringPage.tsx(176,11): error TS17004: Cannot use JSX unless the '--jsx' flag is provided.
apps/admin/src/pages/RecurringPage.tsx(183,11): error TS17004: Cannot use JSX unless the '--jsx' flag is provided.
apps/admin/src/pages/RecurringPage.tsx(191,9): error TS17004: Cannot use JSX unless the '--jsx' flag is provided.
apps/admin/src/pages/RecurringPage.tsx(196,11): error TS17004: Cannot use JSX unless the '--jsx' flag is provided.
apps/admin/src/pages/RecurringPage.tsx(197,11): error TS17004: Cannot use JSX unless the '--jsx' flag is provided.
apps/admin/src/pages/RecurringPage.tsx(198,11): error TS17004: Cannot use JSX unless the '--jsx' flag is provided.
apps/admin/src/pages/RecurringPage.tsx(199,11): error TS17004: Cannot use JSX unless the '--jsx' flag is provided.
apps/admin/src/pages/RecurringPage.tsx(203,19): error TS17004: Cannot use JSX unless the '--jsx' flag is provided.
apps/admin/src/pages/RecurringPage.tsx(204,23): error TS17004: Cannot use JSX unless the '--jsx' flag is provided.
apps/admin/src/pages/RecurringPage.tsx(206,7): error TS17004: Cannot use JSX unless the '--jsx' flag is provided.
apps/admin/src/pages/RecurringPage.tsx(206,67): error TS7006: Parameter 'r' implicitly has an 'any' type.
apps/admin/src/pages/RecurringPage.tsx(209,9): error TS17004: Cannot use JSX unless the '--jsx' flag is provided.
apps/admin/src/pages/ServiceAreasPage.tsx(3,29): error TS2307: Cannot find module '@/config/admin.config' or its corresponding type declarations.
apps/admin/src/pages/ServiceAreasPage.tsx(4,38): error TS2307: Cannot find module '@/lib/api' or its corresponding type declarations.
apps/admin/src/pages/ServiceAreasPage.tsx(5,59): error TS2307: Cannot find module '@/components/ui' or its corresponding type declarations.
apps/admin/src/pages/ServiceAreasPage.tsx(168,16): error TS7006: Parameter 'r' implicitly has an 'any' type.
apps/admin/src/pages/ServiceAreasPage.tsx(169,9): error TS17004: Cannot use JSX unless the '--jsx' flag is provided.
apps/admin/src/pages/ServiceAreasPage.tsx(170,11): error TS17004: Cannot use JSX unless the '--jsx' flag is provided.
apps/admin/src/pages/ServiceAreasPage.tsx(171,11): error TS17004: Cannot use JSX unless the '--jsx' flag is provided.
apps/admin/src/pages/ServiceAreasPage.tsx(178,16): error TS7006: Parameter 'r' implicitly has an 'any' type.
apps/admin/src/pages/ServiceAreasPage.tsx(178,22): error TS17004: Cannot use JSX unless the '--jsx' flag is provided.
apps/admin/src/pages/ServiceAreasPage.tsx(183,16): error TS7006: Parameter 'r' implicitly has an 'any' type.
apps/admin/src/pages/ServiceAreasPage.tsx(183,22): error TS17004: Cannot use JSX unless the '--jsx' flag is provided.
apps/admin/src/pages/ServiceAreasPage.tsx(188,16): error TS7006: Parameter 'r' implicitly has an 'any' type.
apps/admin/src/pages/ServiceAreasPage.tsx(189,9): error TS17004: Cannot use JSX unless the '--jsx' flag is provided.
apps/admin/src/pages/ServiceAreasPage.tsx(190,11): error TS17004: Cannot use JSX unless the '--jsx' flag is provided.
apps/admin/src/pages/ServiceAreasPage.tsx(191,11): error TS17004: Cannot use JSX unless the '--jsx' flag is provided.
apps/admin/src/pages/ServiceAreasPage.tsx(198,16): error TS7006: Parameter 'r' implicitly has an 'any' type.
apps/admin/src/pages/ServiceAreasPage.tsx(198,22): error TS17004: Cannot use JSX unless the '--jsx' flag is provided.
apps/admin/src/pages/ServiceAreasPage.tsx(203,16): error TS7006: Parameter 'r' implicitly has an 'any' type.
apps/admin/src/pages/ServiceAreasPage.tsx(204,9): error TS17004: Cannot use JSX unless the '--jsx' flag is provided.
apps/admin/src/pages/ServiceAreasPage.tsx(216,16): error TS7006: Parameter 'r' implicitly has an 'any' type.
apps/admin/src/pages/ServiceAreasPage.tsx(217,9): error TS17004: Cannot use JSX unless the '--jsx' flag is provided.
apps/admin/src/pages/ServiceAreasPage.tsx(223,16): error TS7006: Parameter 'r' implicitly has an 'any' type.
apps/admin/src/pages/ServiceAreasPage.tsx(224,9): error TS17004: Cannot use JSX unless the '--jsx' flag is provided.
apps/admin/src/pages/ServiceAreasPage.tsx(226,13): error TS17004: Cannot use JSX unless the '--jsx' flag is provided.
apps/admin/src/pages/ServiceAreasPage.tsx(235,13): error TS17004: Cannot use JSX unless the '--jsx' flag is provided.
apps/admin/src/pages/ServiceAreasPage.tsx(253,5): error TS17004: Cannot use JSX unless the '--jsx' flag is provided.
apps/admin/src/pages/ServiceAreasPage.tsx(254,7): error TS17004: Cannot use JSX unless the '--jsx' flag is provided.
apps/admin/src/pages/ServiceAreasPage.tsx(255,9): error TS17004: Cannot use JSX unless the '--jsx' flag is provided.
apps/admin/src/pages/ServiceAreasPage.tsx(256,9): error TS17004: Cannot use JSX unless the '--jsx' flag is provided.
apps/admin/src/pages/ServiceAreasPage.tsx(264,24): error TS17004: Cannot use JSX unless the '--jsx' flag is provided.
apps/admin/src/pages/ServiceAreasPage.tsx(266,9): error TS17004: Cannot use JSX unless the '--jsx' flag is provided.
apps/admin/src/pages/ServiceAreasPage.tsx(267,11): error TS17004: Cannot use JSX unless the '--jsx' flag is provided.
apps/admin/src/pages/ServiceAreasPage.tsx(268,13): error TS17004: Cannot use JSX unless the '--jsx' flag is provided.
apps/admin/src/pages/ServiceAreasPage.tsx(269,13): error TS17004: Cannot use JSX unless the '--jsx' flag is provided.
apps/admin/src/pages/ServiceAreasPage.tsx(271,11): error TS17004: Cannot use JSX unless the '--jsx' flag is provided.
apps/admin/src/pages/ServiceAreasPage.tsx(272,13): error TS17004: Cannot use JSX unless the '--jsx' flag is provided.
apps/admin/src/pages/ServiceAreasPage.tsx(273,13): error TS17004: Cannot use JSX unless the '--jsx' flag is provided.
apps/admin/src/pages/ServiceAreasPage.tsx(275,11): error TS17004: Cannot use JSX unless the '--jsx' flag is provided.
apps/admin/src/pages/ServiceAreasPage.tsx(276,13): error TS17004: Cannot use JSX unless the '--jsx' flag is provided.
apps/admin/src/pages/ServiceAreasPage.tsx(277,13): error TS17004: Cannot use JSX unless the '--jsx' flag is provided.
apps/admin/src/pages/ServiceAreasPage.tsx(279,11): error TS17004: Cannot use JSX unless the '--jsx' flag is provided.
apps/admin/src/pages/ServiceAreasPage.tsx(280,13): error TS17004: Cannot use JSX unless the '--jsx' flag is provided.
apps/admin/src/pages/ServiceAreasPage.tsx(281,13): error TS17004: Cannot use JSX unless the '--jsx' flag is provided.
apps/admin/src/pages/ServiceAreasPage.tsx(287,9): error TS17004: Cannot use JSX unless the '--jsx' flag is provided.
apps/admin/src/pages/ServiceAreasPage.tsx(288,11): error TS17004: Cannot use JSX unless the '--jsx' flag is provided.
apps/admin/src/pages/ServiceAreasPage.tsx(289,11): error TS17004: Cannot use JSX unless the '--jsx' flag is provided.
apps/admin/src/pages/ServiceAreasPage.tsx(290,13): error TS17004: Cannot use JSX unless the '--jsx' flag is provided.
apps/admin/src/pages/ServiceAreasPage.tsx(291,15): error TS17004: Cannot use JSX unless the '--jsx' flag is provided.
apps/admin/src/pages/ServiceAreasPage.tsx(292,15): error TS17004: Cannot use JSX unless the '--jsx' flag is provided.
apps/admin/src/pages/ServiceAreasPage.tsx(296,13): error TS17004: Cannot use JSX unless the '--jsx' flag is provided.
apps/admin/src/pages/ServiceAreasPage.tsx(297,15): error TS17004: Cannot use JSX unless the '--jsx' flag is provided.
apps/admin/src/pages/ServiceAreasPage.tsx(298,15): error TS17004: Cannot use JSX unless the '--jsx' flag is provided.
apps/admin/src/pages/ServiceAreasPage.tsx(302,13): error TS17004: Cannot use JSX unless the '--jsx' flag is provided.
apps/admin/src/pages/ServiceAreasPage.tsx(303,15): error TS17004: Cannot use JSX unless the '--jsx' flag is provided.
apps/admin/src/pages/ServiceAreasPage.tsx(304,15): error TS17004: Cannot use JSX unless the '--jsx' flag is provided.
apps/admin/src/pages/ServiceAreasPage.tsx(308,13): error TS17004: Cannot use JSX unless the '--jsx' flag is provided.
apps/admin/src/pages/ServiceAreasPage.tsx(309,15): error TS17004: Cannot use JSX unless the '--jsx' flag is provided.
apps/admin/src/pages/ServiceAreasPage.tsx(310,15): error TS17004: Cannot use JSX unless the '--jsx' flag is provided.
apps/admin/src/pages/ServiceAreasPage.tsx(314,13): error TS17004: Cannot use JSX unless the '--jsx' flag is provided.
apps/admin/src/pages/ServiceAreasPage.tsx(315,15): error TS17004: Cannot use JSX unless the '--jsx' flag is provided.
apps/admin/src/pages/ServiceAreasPage.tsx(316,15): error TS17004: Cannot use JSX unless the '--jsx' flag is provided.
apps/admin/src/pages/ServiceAreasPage.tsx(320,13): error TS17004: Cannot use JSX unless the '--jsx' flag is provided.
apps/admin/src/pages/ServiceAreasPage.tsx(321,15): error TS17004: Cannot use JSX unless the '--jsx' flag is provided.
apps/admin/src/pages/ServiceAreasPage.tsx(322,15): error TS17004: Cannot use JSX unless the '--jsx' flag is provided.
apps/admin/src/pages/ServiceAreasPage.tsx(326,13): error TS17004: Cannot use JSX unless the '--jsx' flag is provided.
apps/admin/src/pages/ServiceAreasPage.tsx(327,15): error TS17004: Cannot use JSX unless the '--jsx' flag is provided.
apps/admin/src/pages/ServiceAreasPage.tsx(328,15): error TS17004: Cannot use JSX unless the '--jsx' flag is provided.
apps/admin/src/pages/ServiceAreasPage.tsx(331,13): error TS17004: Cannot use JSX unless the '--jsx' flag is provided.
apps/admin/src/pages/ServiceAreasPage.tsx(332,15): error TS17004: Cannot use JSX unless the '--jsx' flag is provided.
apps/admin/src/pages/ServiceAreasPage.tsx(333,15): error TS17004: Cannot use JSX unless the '--jsx' flag is provided.
apps/admin/src/pages/ServiceAreasPage.tsx(336,13): error TS17004: Cannot use JSX unless the '--jsx' flag is provided.
apps/admin/src/pages/ServiceAreasPage.tsx(337,15): error TS17004: Cannot use JSX unless the '--jsx' flag is provided.
apps/admin/src/pages/ServiceAreasPage.tsx(338,15): error TS17004: Cannot use JSX unless the '--jsx' flag is provided.
apps/admin/src/pages/ServiceAreasPage.tsx(342,11): error TS17004: Cannot use JSX unless the '--jsx' flag is provided.
apps/admin/src/pages/ServiceAreasPage.tsx(343,13): error TS17004: Cannot use JSX unless the '--jsx' flag is provided.
apps/admin/src/pages/ServiceAreasPage.tsx(347,13): error TS17004: Cannot use JSX unless the '--jsx' flag is provided.
apps/admin/src/pages/ServiceAreasPage.tsx(353,13): error TS17004: Cannot use JSX unless the '--jsx' flag is provided.
apps/admin/src/pages/ServiceAreasPage.tsx(358,7): error TS17004: Cannot use JSX unless the '--jsx' flag is provided.
apps/admin/src/pages/ServiceAreasPage.tsx(359,9): error TS17004: Cannot use JSX unless the '--jsx' flag is provided.
apps/admin/src/pages/ServiceAreasPage.tsx(360,11): error TS17004: Cannot use JSX unless the '--jsx' flag is provided.
apps/admin/src/pages/ServiceAreasPage.tsx(367,11): error TS17004: Cannot use JSX unless the '--jsx' flag is provided.
apps/admin/src/pages/ServiceAreasPage.tsx(373,9): error TS17004: Cannot use JSX unless the '--jsx' flag is provided.
apps/admin/src/pages/ServiceAreasPage.tsx(378,11): error TS17004: Cannot use JSX unless the '--jsx' flag is provided.
apps/admin/src/pages/ServiceAreasPage.tsx(379,11): error TS17004: Cannot use JSX unless the '--jsx' flag is provided.
apps/admin/src/pages/ServiceAreasPage.tsx(380,11): error TS17004: Cannot use JSX unless the '--jsx' flag is provided.
apps/admin/src/pages/ServiceAreasPage.tsx(381,11): error TS17004: Cannot use JSX unless the '--jsx' flag is provided.
apps/admin/src/pages/ServiceAreasPage.tsx(382,11): error TS17004: Cannot use JSX unless the '--jsx' flag is provided.
apps/admin/src/pages/ServiceAreasPage.tsx(383,11): error TS17004: Cannot use JSX unless the '--jsx' flag is provided.
apps/admin/src/pages/ServiceAreasPage.tsx(384,11): error TS17004: Cannot use JSX unless the '--jsx' flag is provided.
apps/admin/src/pages/ServiceAreasPage.tsx(388,19): error TS17004: Cannot use JSX unless the '--jsx' flag is provided.
apps/admin/src/pages/ServiceAreasPage.tsx(389,23): error TS17004: Cannot use JSX unless the '--jsx' flag is provided.
apps/admin/src/pages/ServiceAreasPage.tsx(391,7): error TS17004: Cannot use JSX unless the '--jsx' flag is provided.
apps/admin/src/pages/ServiceAreasPage.tsx(391,64): error TS7006: Parameter 'r' implicitly has an 'any' type.
apps/admin/src/pages/ServiceAreasPage.tsx(394,9): error TS17004: Cannot use JSX unless the '--jsx' flag is provided.
apps/admin/src/pages/StaffRolesPage.tsx(3,29): error TS2307: Cannot find module '@/config/admin.config' or its corresponding type declarations.
apps/admin/src/pages/StaffRolesPage.tsx(4,38): error TS2307: Cannot find module '@/lib/api' or its corresponding type declarations.
apps/admin/src/pages/StaffRolesPage.tsx(5,59): error TS2307: Cannot find module '@/components/ui' or its corresponding type declarations.
apps/admin/src/pages/StaffRolesPage.tsx(44,5): error TS17004: Cannot use JSX unless the '--jsx' flag is provided.
apps/admin/src/pages/StaffRolesPage.tsx(136,5): error TS17004: Cannot use JSX unless the '--jsx' flag is provided.
apps/admin/src/pages/StaffRolesPage.tsx(137,7): error TS17004: Cannot use JSX unless the '--jsx' flag is provided.
apps/admin/src/pages/StaffRolesPage.tsx(138,9): error TS17004: Cannot use JSX unless the '--jsx' flag is provided.
apps/admin/src/pages/StaffRolesPage.tsx(140,11): error TS17004: Cannot use JSX unless the '--jsx' flag is provided.
apps/admin/src/pages/StaffRolesPage.tsx(150,9): error TS17004: Cannot use JSX unless the '--jsx' flag is provided.
apps/admin/src/pages/StaffRolesPage.tsx(151,11): error TS17004: Cannot use JSX unless the '--jsx' flag is provided.
apps/admin/src/pages/StaffRolesPage.tsx(152,13): error TS17004: Cannot use JSX unless the '--jsx' flag is provided.
apps/admin/src/pages/StaffRolesPage.tsx(159,13): error TS17004: Cannot use JSX unless the '--jsx' flag is provided.
apps/admin/src/pages/StaffRolesPage.tsx(166,11): error TS17004: Cannot use JSX unless the '--jsx' flag is provided.
apps/admin/src/pages/StaffRolesPage.tsx(167,13): error TS17004: Cannot use JSX unless the '--jsx' flag is provided.
apps/admin/src/pages/StaffRolesPage.tsx(168,13): error TS17004: Cannot use JSX unless the '--jsx' flag is provided.
apps/admin/src/pages/StaffRolesPage.tsx(170,17): error TS17004: Cannot use JSX unless the '--jsx' flag is provided.
apps/admin/src/pages/StaffRolesPage.tsx(171,19): error TS17004: Cannot use JSX unless the '--jsx' flag is provided.
apps/admin/src/pages/StaffRolesPage.tsx(177,21): error TS17004: Cannot use JSX unless the '--jsx' flag is provided.
apps/admin/src/pages/StaffRolesPage.tsx(178,11): error TS17004: Cannot use JSX unless the '--jsx' flag is provided.
apps/admin/src/pages/StaffRolesPage.tsx(179,13): error TS17004: Cannot use JSX unless the '--jsx' flag is provided.
apps/admin/src/pages/StaffRolesPage.tsx(182,13): error TS17004: Cannot use JSX unless the '--jsx' flag is provided.
apps/admin/src/pages/StaffRolesPage.tsx(189,21): error TS17004: Cannot use JSX unless the '--jsx' flag is provided.
apps/admin/src/pages/StaffRolesPage.tsx(190,42): error TS17004: Cannot use JSX unless the '--jsx' flag is provided.
apps/admin/src/pages/StaffRolesPage.tsx(192,7): error TS17004: Cannot use JSX unless the '--jsx' flag is provided.
apps/admin/src/pages/StaffRolesPage.tsx(194,11): error TS17004: Cannot use JSX unless the '--jsx' flag is provided.
apps/admin/src/pages/StaffRolesPage.tsx(195,13): error TS17004: Cannot use JSX unless the '--jsx' flag is provided.
apps/admin/src/pages/StaffRolesPage.tsx(196,15): error TS17004: Cannot use JSX unless the '--jsx' flag is provided.
apps/admin/src/pages/StaffRolesPage.tsx(197,17): error TS17004: Cannot use JSX unless the '--jsx' flag is provided.
apps/admin/src/pages/StaffRolesPage.tsx(198,38): error TS17004: Cannot use JSX unless the '--jsx' flag is provided.
apps/admin/src/pages/StaffRolesPage.tsx(199,17): error TS17004: Cannot use JSX unless the '--jsx' flag is provided.
apps/admin/src/pages/StaffRolesPage.tsx(201,15): error TS17004: Cannot use JSX unless the '--jsx' flag is provided.
apps/admin/src/pages/StaffRolesPage.tsx(203,19): error TS17004: Cannot use JSX unless the '--jsx' flag is provided.
apps/admin/src/pages/StaffRolesPage.tsx(208,19): error TS17004: Cannot use JSX unless the '--jsx' flag is provided.
apps/admin/src/pages/StaffRolesPage.tsx(217,13): error TS17004: Cannot use JSX unless the '--jsx' flag is provided.
apps/admin/src/pages/StaffRolesPage.tsx(218,44): error TS17004: Cannot use JSX unless the '--jsx' flag is provided.
apps/admin/src/pages/StaffRolesPage.tsx(224,30): error TS17004: Cannot use JSX unless the '--jsx' flag is provided.
apps/admin/src/pages/StaffRolesPage.tsx(288,16): error TS7006: Parameter 'r' implicitly has an 'any' type.
apps/admin/src/pages/StaffRolesPage.tsx(289,9): error TS17004: Cannot use JSX unless the '--jsx' flag is provided.
apps/admin/src/pages/StaffRolesPage.tsx(290,11): error TS17004: Cannot use JSX unless the '--jsx' flag is provided.
apps/admin/src/pages/StaffRolesPage.tsx(291,28): error TS17004: Cannot use JSX unless the '--jsx' flag is provided.
apps/admin/src/pages/StaffRolesPage.tsx(295,47): error TS7006: Parameter 'r' implicitly has an 'any' type.
apps/admin/src/pages/StaffRolesPage.tsx(299,16): error TS7006: Parameter 'r' implicitly has an 'any' type.
apps/admin/src/pages/StaffRolesPage.tsx(300,9): error TS17004: Cannot use JSX unless the '--jsx' flag is provided.
apps/admin/src/pages/StaffRolesPage.tsx(306,13): error TS17004: Cannot use JSX unless the '--jsx' flag is provided.
apps/admin/src/pages/StaffRolesPage.tsx(314,16): error TS7006: Parameter 'r' implicitly has an 'any' type.
apps/admin/src/pages/StaffRolesPage.tsx(315,9): error TS17004: Cannot use JSX unless the '--jsx' flag is provided.
apps/admin/src/pages/StaffRolesPage.tsx(321,16): error TS7006: Parameter 'r' implicitly has an 'any' type.
apps/admin/src/pages/StaffRolesPage.tsx(328,16): error TS7006: Parameter 'r' implicitly has an 'any' type.
apps/admin/src/pages/StaffRolesPage.tsx(329,9): error TS17004: Cannot use JSX unless the '--jsx' flag is provided.
apps/admin/src/pages/StaffRolesPage.tsx(330,11): error TS17004: Cannot use JSX unless the '--jsx' flag is provided.
apps/admin/src/pages/StaffRolesPage.tsx(336,11): error TS17004: Cannot use JSX unless the '--jsx' flag is provided.
apps/admin/src/pages/StaffRolesPage.tsx(348,5): error TS17004: Cannot use JSX unless the '--jsx' flag is provided.
apps/admin/src/pages/StaffRolesPage.tsx(349,7): error TS17004: Cannot use JSX unless the '--jsx' flag is provided.
apps/admin/src/pages/StaffRolesPage.tsx(350,9): error TS17004: Cannot use JSX unless the '--jsx' flag is provided.
apps/admin/src/pages/StaffRolesPage.tsx(351,9): error TS17004: Cannot use JSX unless the '--jsx' flag is provided.
apps/admin/src/pages/StaffRolesPage.tsx(360,9): error TS17004: Cannot use JSX unless the '--jsx' flag is provided.
apps/admin/src/pages/StaffRolesPage.tsx(364,11): error TS17004: Cannot use JSX unless the '--jsx' flag is provided.
apps/admin/src/pages/StaffRolesPage.tsx(365,13): error TS17004: Cannot use JSX unless the '--jsx' flag is provided.
apps/admin/src/pages/StaffRolesPage.tsx(366,13): error TS17004: Cannot use JSX unless the '--jsx' flag is provided.
apps/admin/src/pages/StaffRolesPage.tsx(374,11): error TS17004: Cannot use JSX unless the '--jsx' flag is provided.
apps/admin/src/pages/StaffRolesPage.tsx(375,13): error TS17004: Cannot use JSX unless the '--jsx' flag is provided.
apps/admin/src/pages/StaffRolesPage.tsx(376,13): error TS17004: Cannot use JSX unless the '--jsx' flag is provided.
apps/admin/src/pages/StaffRolesPage.tsx(382,15): error TS17004: Cannot use JSX unless the '--jsx' flag is provided.
apps/admin/src/pages/StaffRolesPage.tsx(384,17): error TS17004: Cannot use JSX unless the '--jsx' flag is provided.
apps/admin/src/pages/StaffRolesPage.tsx(388,11): error TS17004: Cannot use JSX unless the '--jsx' flag is provided.
apps/admin/src/pages/StaffRolesPage.tsx(394,19): error TS17004: Cannot use JSX unless the '--jsx' flag is provided.
apps/admin/src/pages/StaffRolesPage.tsx(395,24): error TS17004: Cannot use JSX unless the '--jsx' flag is provided.
apps/admin/src/pages/StaffRolesPage.tsx(396,17): error TS17004: Cannot use JSX unless the '--jsx' flag is provided.
apps/admin/src/pages/StaffRolesPage.tsx(398,7): error TS17004: Cannot use JSX unless the '--jsx' flag is provided.
apps/admin/src/pages/StaffRolesPage.tsx(398,75): error TS7006: Parameter 'r' implicitly has an 'any' type.
apps/admin/src/pages/StaffRolesPage.tsx(401,9): error TS17004: Cannot use JSX unless the '--jsx' flag is provided.
apps/admin/src/pages/StaffRolesPage.tsx(419,5): error TS17004: Cannot use JSX unless the '--jsx' flag is provided.
apps/admin/src/pages/StaffRolesPage.tsx(420,7): error TS17004: Cannot use JSX unless the '--jsx' flag is provided.
apps/admin/src/pages/StaffRolesPage.tsx(422,7): error TS17004: Cannot use JSX unless the '--jsx' flag is provided.
apps/admin/src/pages/StaffRolesPage.tsx(424,11): error TS17004: Cannot use JSX unless the '--jsx' flag is provided.
apps/admin/src/pages/StaffRolesPage.tsx(438,27): error TS17004: Cannot use JSX unless the '--jsx' flag is provided.
apps/admin/src/pages/StaffRolesPage.tsx(439,27): error TS17004: Cannot use JSX unless the '--jsx' flag is provided.
apps/admin/src/pages/SupportTicketsPage.tsx(3,29): error TS2307: Cannot find module '@/config/admin.config' or its corresponding type declarations.
apps/admin/src/pages/SupportTicketsPage.tsx(4,38): error TS2307: Cannot find module '@/lib/api' or its corresponding type declarations.
apps/admin/src/pages/SupportTicketsPage.tsx(5,59): error TS2307: Cannot find module '@/components/ui' or its corresponding type declarations.
apps/admin/src/pages/SupportTicketsPage.tsx(180,51): error TS7006: Parameter 'r' implicitly has an 'any' type.
apps/admin/src/pages/SupportTicketsPage.tsx(180,57): error TS17004: Cannot use JSX unless the '--jsx' flag is provided.
apps/admin/src/pages/SupportTicketsPage.tsx(184,16): error TS7006: Parameter 'r' implicitly has an 'any' type.
apps/admin/src/pages/SupportTicketsPage.tsx(184,22): error TS17004: Cannot use JSX unless the '--jsx' flag is provided.
apps/admin/src/pages/SupportTicketsPage.tsx(189,16): error TS7006: Parameter 'r' implicitly has an 'any' type.
apps/admin/src/pages/SupportTicketsPage.tsx(189,22): error TS17004: Cannot use JSX unless the '--jsx' flag is provided.
apps/admin/src/pages/SupportTicketsPage.tsx(191,45): error TS7006: Parameter 'r' implicitly has an 'any' type.
apps/admin/src/pages/SupportTicketsPage.tsx(192,51): error TS7006: Parameter 'r' implicitly has an 'any' type.
apps/admin/src/pages/SupportTicketsPage.tsx(192,57): error TS17004: Cannot use JSX unless the '--jsx' flag is provided.
apps/admin/src/pages/SupportTicketsPage.tsx(196,16): error TS7006: Parameter 'r' implicitly has an 'any' type.
apps/admin/src/pages/SupportTicketsPage.tsx(201,16): error TS7006: Parameter 'r' implicitly has an 'any' type.
apps/admin/src/pages/SupportTicketsPage.tsx(201,22): error TS17004: Cannot use JSX unless the '--jsx' flag is provided.
apps/admin/src/pages/SupportTicketsPage.tsx(206,16): error TS7006: Parameter 'r' implicitly has an 'any' type.
apps/admin/src/pages/SupportTicketsPage.tsx(211,16): error TS7006: Parameter 'r' implicitly has an 'any' type.
apps/admin/src/pages/SupportTicketsPage.tsx(212,9): error TS17004: Cannot use JSX unless the '--jsx' flag is provided.
apps/admin/src/pages/SupportTicketsPage.tsx(226,7): error TS17004: Cannot use JSX unless the '--jsx' flag is provided.
apps/admin/src/pages/SupportTicketsPage.tsx(227,9): error TS17004: Cannot use JSX unless the '--jsx' flag is provided.
apps/admin/src/pages/SupportTicketsPage.tsx(231,19): error TS17004: Cannot use JSX unless the '--jsx' flag is provided.
apps/admin/src/pages/SupportTicketsPage.tsx(232,33): error TS17004: Cannot use JSX unless the '--jsx' flag is provided.
apps/admin/src/pages/SupportTicketsPage.tsx(234,9): error TS17004: Cannot use JSX unless the '--jsx' flag is provided.
apps/admin/src/pages/SupportTicketsPage.tsx(235,11): error TS17004: Cannot use JSX unless the '--jsx' flag is provided.
apps/admin/src/pages/SupportTicketsPage.tsx(236,13): error TS17004: Cannot use JSX unless the '--jsx' flag is provided.
apps/admin/src/pages/SupportTicketsPage.tsx(237,15): error TS17004: Cannot use JSX unless the '--jsx' flag is provided.
apps/admin/src/pages/SupportTicketsPage.tsx(238,15): error TS17004: Cannot use JSX unless the '--jsx' flag is provided.
apps/admin/src/pages/SupportTicketsPage.tsx(239,17): error TS17004: Cannot use JSX unless the '--jsx' flag is provided.
apps/admin/src/pages/SupportTicketsPage.tsx(240,17): error TS17004: Cannot use JSX unless the '--jsx' flag is provided.
apps/admin/src/pages/SupportTicketsPage.tsx(241,17): error TS17004: Cannot use JSX unless the '--jsx' flag is provided.
apps/admin/src/pages/SupportTicketsPage.tsx(244,13): error TS17004: Cannot use JSX unless the '--jsx' flag is provided.
apps/admin/src/pages/SupportTicketsPage.tsx(246,17): error TS17004: Cannot use JSX unless the '--jsx' flag is provided.
apps/admin/src/pages/SupportTicketsPage.tsx(254,19): error TS17004: Cannot use JSX unless the '--jsx' flag is provided.
apps/admin/src/pages/SupportTicketsPage.tsx(256,21): error TS17004: Cannot use JSX unless the '--jsx' flag is provided.
apps/admin/src/pages/SupportTicketsPage.tsx(263,11): error TS17004: Cannot use JSX unless the '--jsx' flag is provided.
apps/admin/src/pages/SupportTicketsPage.tsx(264,13): error TS17004: Cannot use JSX unless the '--jsx' flag is provided.
apps/admin/src/pages/SupportTicketsPage.tsx(264,16): error TS17004: Cannot use JSX unless the '--jsx' flag is provided.
apps/admin/src/pages/SupportTicketsPage.tsx(265,13): error TS17004: Cannot use JSX unless the '--jsx' flag is provided.
apps/admin/src/pages/SupportTicketsPage.tsx(265,16): error TS17004: Cannot use JSX unless the '--jsx' flag is provided.
apps/admin/src/pages/SupportTicketsPage.tsx(266,13): error TS17004: Cannot use JSX unless the '--jsx' flag is provided.
apps/admin/src/pages/SupportTicketsPage.tsx(266,16): error TS17004: Cannot use JSX unless the '--jsx' flag is provided.
apps/admin/src/pages/SupportTicketsPage.tsx(267,35): error TS17004: Cannot use JSX unless the '--jsx' flag is provided.
apps/admin/src/pages/SupportTicketsPage.tsx(267,38): error TS17004: Cannot use JSX unless the '--jsx' flag is provided.
apps/admin/src/pages/SupportTicketsPage.tsx(268,41): error TS17004: Cannot use JSX unless the '--jsx' flag is provided.
apps/admin/src/pages/SupportTicketsPage.tsx(268,61): error TS17004: Cannot use JSX unless the '--jsx' flag is provided.
apps/admin/src/pages/SupportTicketsPage.tsx(273,13): error TS17004: Cannot use JSX unless the '--jsx' flag is provided.
apps/admin/src/pages/SupportTicketsPage.tsx(274,15): error TS17004: Cannot use JSX unless the '--jsx' flag is provided.
apps/admin/src/pages/SupportTicketsPage.tsx(280,15): error TS17004: Cannot use JSX unless the '--jsx' flag is provided.
apps/admin/src/pages/SupportTicketsPage.tsx(290,11): error TS17004: Cannot use JSX unless the '--jsx' flag is provided.
apps/admin/src/pages/SupportTicketsPage.tsx(291,13): error TS17004: Cannot use JSX unless the '--jsx' flag is provided.
apps/admin/src/pages/SupportTicketsPage.tsx(296,9): error TS17004: Cannot use JSX unless the '--jsx' flag is provided.
apps/admin/src/pages/SupportTicketsPage.tsx(297,11): error TS17004: Cannot use JSX unless the '--jsx' flag is provided.
apps/admin/src/pages/SupportTicketsPage.tsx(299,13): error TS17004: Cannot use JSX unless the '--jsx' flag is provided.
apps/admin/src/pages/SupportTicketsPage.tsx(300,15): error TS17004: Cannot use JSX unless the '--jsx' flag is provided.
apps/admin/src/pages/SupportTicketsPage.tsx(303,11): error TS17004: Cannot use JSX unless the '--jsx' flag is provided.
apps/admin/src/pages/SupportTicketsPage.tsx(305,15): error TS17004: Cannot use JSX unless the '--jsx' flag is provided.
apps/admin/src/pages/SupportTicketsPage.tsx(309,17): error TS17004: Cannot use JSX unless the '--jsx' flag is provided.
apps/admin/src/pages/SupportTicketsPage.tsx(310,19): error TS17004: Cannot use JSX unless the '--jsx' flag is provided.
apps/admin/src/pages/SupportTicketsPage.tsx(312,46): error TS17004: Cannot use JSX unless the '--jsx' flag is provided.
apps/admin/src/pages/SupportTicketsPage.tsx(314,19): error TS17004: Cannot use JSX unless the '--jsx' flag is provided.
apps/admin/src/pages/SupportTicketsPage.tsx(316,17): error TS17004: Cannot use JSX unless the '--jsx' flag is provided.
apps/admin/src/pages/SupportTicketsPage.tsx(320,15): error TS17004: Cannot use JSX unless the '--jsx' flag is provided.
apps/admin/src/pages/SupportTicketsPage.tsx(326,13): error TS17004: Cannot use JSX unless the '--jsx' flag is provided.
apps/admin/src/pages/SupportTicketsPage.tsx(327,15): error TS17004: Cannot use JSX unless the '--jsx' flag is provided.
apps/admin/src/pages/SupportTicketsPage.tsx(335,15): error TS17004: Cannot use JSX unless the '--jsx' flag is provided.
apps/admin/src/pages/SupportTicketsPage.tsx(336,17): error TS17004: Cannot use JSX unless the '--jsx' flag is provided.
apps/admin/src/pages/SupportTicketsPage.tsx(337,19): error TS17004: Cannot use JSX unless the '--jsx' flag is provided.
apps/admin/src/pages/SupportTicketsPage.tsx(340,17): error TS17004: Cannot use JSX unless the '--jsx' flag is provided.
apps/admin/src/pages/SupportTicketsPage.tsx(356,5): error TS17004: Cannot use JSX unless the '--jsx' flag is provided.
apps/admin/src/pages/SupportTicketsPage.tsx(357,7): error TS17004: Cannot use JSX unless the '--jsx' flag is provided.
apps/admin/src/pages/SupportTicketsPage.tsx(359,7): error TS17004: Cannot use JSX unless the '--jsx' flag is provided.
apps/admin/src/pages/SupportTicketsPage.tsx(360,9): error TS17004: Cannot use JSX unless the '--jsx' flag is provided.
apps/admin/src/pages/SupportTicketsPage.tsx(365,11): error TS17004: Cannot use JSX unless the '--jsx' flag is provided.
apps/admin/src/pages/SupportTicketsPage.tsx(366,32): error TS17004: Cannot use JSX unless the '--jsx' flag is provided.
apps/admin/src/pages/SupportTicketsPage.tsx(368,9): error TS17004: Cannot use JSX unless the '--jsx' flag is provided.
apps/admin/src/pages/SupportTicketsPage.tsx(373,11): error TS17004: Cannot use JSX unless the '--jsx' flag is provided.
apps/admin/src/pages/SupportTicketsPage.tsx(374,36): error TS17004: Cannot use JSX unless the '--jsx' flag is provided.
apps/admin/src/pages/SupportTicketsPage.tsx(376,9): error TS17004: Cannot use JSX unless the '--jsx' flag is provided.
apps/admin/src/pages/SupportTicketsPage.tsx(381,11): error TS17004: Cannot use JSX unless the '--jsx' flag is provided.
apps/admin/src/pages/SupportTicketsPage.tsx(382,34): error TS17004: Cannot use JSX unless the '--jsx' flag is provided.
apps/admin/src/pages/SupportTicketsPage.tsx(386,19): error TS17004: Cannot use JSX unless the '--jsx' flag is provided.
apps/admin/src/pages/SupportTicketsPage.tsx(388,7): error TS17004: Cannot use JSX unless the '--jsx' flag is provided.
apps/admin/src/pages/SupportTicketsPage.tsx(388,75): error TS7006: Parameter 'r' implicitly has an 'any' type.
apps/admin/src/pages/SupportTicketsPage.tsx(391,9): error TS17004: Cannot use JSX unless the '--jsx' flag is provided.
apps/admin/src/pages/SystemSettingsPage.tsx(3,38): error TS2307: Cannot find module '@/lib/api' or its corresponding type declarations.
apps/admin/src/pages/SystemSettingsPage.tsx(4,32): error TS2307: Cannot find module '@/lib/format' or its corresponding type declarations.
apps/admin/src/pages/SystemSettingsPage.tsx(125,53): error TS7006: Parameter 's' implicitly has an 'any' type.
apps/admin/src/pages/SystemSettingsPage.tsx(129,7): error TS17004: Cannot use JSX unless the '--jsx' flag is provided.
apps/admin/src/pages/SystemSettingsPage.tsx(130,9): error TS17004: Cannot use JSX unless the '--jsx' flag is provided.
apps/admin/src/pages/SystemSettingsPage.tsx(131,9): error TS17004: Cannot use JSX unless the '--jsx' flag is provided.
apps/admin/src/pages/SystemSettingsPage.tsx(133,13): error TS17004: Cannot use JSX unless the '--jsx' flag is provided.
apps/admin/src/pages/SystemSettingsPage.tsx(142,7): error TS17004: Cannot use JSX unless the '--jsx' flag is provided.
apps/admin/src/pages/SystemSettingsPage.tsx(143,9): error TS17004: Cannot use JSX unless the '--jsx' flag is provided.
apps/admin/src/pages/SystemSettingsPage.tsx(144,9): error TS17004: Cannot use JSX unless the '--jsx' flag is provided.
apps/admin/src/pages/SystemSettingsPage.tsx(152,5): error TS17004: Cannot use JSX unless the '--jsx' flag is provided.
apps/admin/src/pages/SystemSettingsPage.tsx(153,7): error TS17004: Cannot use JSX unless the '--jsx' flag is provided.
apps/admin/src/pages/SystemSettingsPage.tsx(154,9): error TS17004: Cannot use JSX unless the '--jsx' flag is provided.
apps/admin/src/pages/SystemSettingsPage.tsx(155,11): error TS17004: Cannot use JSX unless the '--jsx' flag is provided.
apps/admin/src/pages/SystemSettingsPage.tsx(156,11): error TS17004: Cannot use JSX unless the '--jsx' flag is provided.
apps/admin/src/pages/SystemSettingsPage.tsx(163,9): error TS17004: Cannot use JSX unless the '--jsx' flag is provided.
apps/admin/src/pages/SystemSettingsPage.tsx(169,9): error TS17004: Cannot use JSX unless the '--jsx' flag is provided.
apps/admin/src/pages/SystemSettingsPage.tsx(174,7): error TS17004: Cannot use JSX unless the '--jsx' flag is provided.
apps/admin/src/pages/SystemSettingsPage.tsx(176,11): error TS17004: Cannot use JSX unless the '--jsx' flag is provided.
apps/admin/src/pages/SystemSettingsPage.tsx(177,13): error TS17004: Cannot use JSX unless the '--jsx' flag is provided.
apps/admin/src/pages/SystemSettingsPage.tsx(178,15): error TS17004: Cannot use JSX unless the '--jsx' flag is provided.
apps/admin/src/pages/SystemSettingsPage.tsx(181,13): error TS17004: Cannot use JSX unless the '--jsx' flag is provided.
apps/admin/src/pages/SystemSettingsPage.tsx(188,19): error TS17004: Cannot use JSX unless the '--jsx' flag is provided.
apps/admin/src/pages/SystemSettingsPage.tsx(189,21): error TS17004: Cannot use JSX unless the '--jsx' flag is provided.
apps/admin/src/pages/SystemSettingsPage.tsx(190,23): error TS17004: Cannot use JSX unless the '--jsx' flag is provided.
apps/admin/src/pages/SystemSettingsPage.tsx(191,32): error TS2339: Property 'description' does not exist on type '{}'.
apps/admin/src/pages/SystemSettingsPage.tsx(192,25): error TS17004: Cannot use JSX unless the '--jsx' flag is provided.
apps/admin/src/pages/SystemSettingsPage.tsx(192,78): error TS2339: Property 'description' does not exist on type '{}'.
apps/admin/src/pages/SystemSettingsPage.tsx(197,23): error TS17004: Cannot use JSX unless the '--jsx' flag is provided.
apps/admin/src/pages/SystemSettingsPage.tsx(198,25): error TS17004: Cannot use JSX unless the '--jsx' flag is provided.
apps/admin/src/pages/SystemSettingsPage.tsx(209,25): error TS17004: Cannot use JSX unless the '--jsx' flag is provided.
apps/admin/src/pages/SystemSettingsPage.tsx(216,25): error TS17004: Cannot use JSX unless the '--jsx' flag is provided.
apps/admin/src/pages/SystemSettingsPage.tsx(224,23): error TS17004: Cannot use JSX unless the '--jsx' flag is provided.
apps/admin/src/pages/SystemSettingsPage.tsx(225,25): error TS17004: Cannot use JSX unless the '--jsx' flag is provided.
apps/admin/src/pages/SystemSettingsPage.tsx(226,60): error TS2339: Property 'value' does not exist on type '{}'.
apps/admin/src/pages/SystemSettingsPage.tsx(228,25): error TS17004: Cannot use JSX unless the '--jsx' flag is provided.
apps/admin/src/pages/SystemSettingsPage.tsx(229,52): error TS2345: Argument of type '{}' is not assignable to parameter of type 'PlatformSetting'.
  Type '{}' is missing the following properties from type 'PlatformSetting': key, value, description, updatedBy, updatedAt
apps/admin/src/pages/SystemSettingsPage.tsx(244,7): error TS17004: Cannot use JSX unless the '--jsx' flag is provided.
npm notice
npm notice New minor version of npm available! 11.9.0 -> 11.13.0
npm notice Changelog: https://github.com/npm/cli/releases/tag/v11.13.0
npm notice To update run: npm install -g npm@11.13.0
npm notice
